hostname	publicSuffix	source	line
amplifyapp.com	amplifyapp.com	C:\Users\PC\Downloads\top100110millionurls\01.txt	113
awsglobalaccelerator.com	awsglobalaccelerator.com	C:\Users\PC\Downloads\top100110millionurls\01.txt	136
cloudfront.net	cloudfront.net	C:\Users\PC\Downloads\top100110millionurls\01.txt	150
elasticbeanstalk.com	elasticbeanstalk.com	C:\Users\PC\Downloads\top100110millionurls\01.txt	153
cf-ipfs.com	cf-ipfs.com	C:\Users\PC\Downloads\top100110millionurls\01.txt	385
cloudflare-ipfs.com	cloudflare-ipfs.com	C:\Users\PC\Downloads\top100110millionurls\01.txt	387
cloudflare.net	cloudflare.net	C:\Users\PC\Downloads\top100110millionurls\01.txt	390
pages.dev	pages.dev	C:\Users\PC\Downloads\top100110millionurls\01.txt	409
trycloudflare.com	trycloudflare.com	C:\Users\PC\Downloads\top100110millionurls\01.txt	410
workers.dev	workers.dev	C:\Users\PC\Downloads\top100110millionurls\01.txt	413
discordsays.com	discordsays.com	C:\Users\PC\Downloads\top100110millionurls\01.txt	456
playstation-cloud.com	playstation-cloud.com	C:\Users\PC\Downloads\top100110millionurls\01.txt	1727
withyoutube.com	withyoutube.com	C:\Users\PC\Downloads\top100110millionurls\01.txt	2067
myqnapcloud.com	myqnapcloud.com	C:\Users\PC\Downloads\top100110millionurls\01.txt	39447
gdynia.pl	gdynia.pl	C:\Users\PC\Downloads\top100110millionurls\01.txt	419329
gov.qa	gov.qa	C:\Users\PC\Downloads\top100110millionurls\01.txt	512810
cfolks.pl	cfolks.pl	C:\Users\PC\Downloads\top100110millionurls\01.txt	614761
dkonto.pl	dkonto.pl	C:\Users\PC\Downloads\top100110millionurls\01.txt	615726
eurodir.ru	eurodir.ru	C:\Users\PC\Downloads\top100110millionurls\01.txt	616670
gov.cz	gov.cz	C:\Users\PC\Downloads\top100110millionurls\01.txt	617528
heliohost.us	heliohost.us	C:\Users\PC\Downloads\top100110millionurls\01.txt	617788
mcdir.ru	mcdir.ru	C:\Users\PC\Downloads\top100110millionurls\01.txt	619533
netlib.re	netlib.re	C:\Users\PC\Downloads\top100110millionurls\01.txt	621191
pgw.jp	pgw.jp	C:\Users\PC\Downloads\top100110millionurls\01.txt	622097
mittwaldserver.info	mittwaldserver.info	C:\Users\PC\Downloads\top100110millionurls\01.txt	646584
wpmudev.host	wpmudev.host	C:\Users\PC\Downloads\top100110millionurls\01.txt	656689
bielsko.pl	bielsko.pl	C:\Users\PC\Downloads\top100110millionurls\01.txt	658204
boo.jp	boo.jp	C:\Users\PC\Downloads\top100110millionurls\01.txt	658218
boy.jp	boy.jp	C:\Users\PC\Downloads\top100110millionurls\01.txt	658220
chicappa.jp	chicappa.jp	C:\Users\PC\Downloads\top100110millionurls\01.txt	658251
chu.jp	chu.jp	C:\Users\PC\Downloads\top100110millionurls\01.txt	658255
ciao.jp	ciao.jp	C:\Users\PC\Downloads\top100110millionurls\01.txt	658256
edgekey-staging.net	edgekey-staging.net	C:\Users\PC\Downloads\top100110millionurls\01.txt	658361
hateblo.jp	hateblo.jp	C:\Users\PC\Downloads\top100110millionurls\01.txt	658483
hatenablog.jp	hatenablog.jp	C:\Users\PC\Downloads\top100110millionurls\01.txt	658484
hatenadiary.com	hatenadiary.com	C:\Users\PC\Downloads\top100110millionurls\01.txt	658485
hatenadiary.jp	hatenadiary.jp	C:\Users\PC\Downloads\top100110millionurls\01.txt	658486
in-berlin.de	in-berlin.de	C:\Users\PC\Downloads\top100110millionurls\01.txt	658541
lublin.pl	lublin.pl	C:\Users\PC\Downloads\top100110millionurls\01.txt	658642
rs.ba	rs.ba	C:\Users\PC\Downloads\top100110millionurls\01.txt	658855
schulserver.de	schulserver.de	C:\Users\PC\Downloads\top100110millionurls\01.txt	658873
sub.jp	sub.jp	C:\Users\PC\Downloads\top100110millionurls\01.txt	658934
tche.br	tche.br	C:\Users\PC\Downloads\top100110millionurls\01.txt	658945
webspaceconfig.de	webspaceconfig.de	C:\Users\PC\Downloads\top100110millionurls\01.txt	659063
reserve-online.net	reserve-online.net	C:\Users\PC\Downloads\top100110millionurls\01.txt	666264
hypernode.io	hypernode.io	C:\Users\PC\Downloads\top100110millionurls\01.txt	669662
moo.jp	moo.jp	C:\Users\PC\Downloads\top100110millionurls\01.txt	678636
mydns.jp	mydns.jp	C:\Users\PC\Downloads\top100110millionurls\01.txt	678661
rub.de	rub.de	C:\Users\PC\Downloads\top100110millionurls\01.txt	678980
sblo.jp	sblo.jp	C:\Users\PC\Downloads\top100110millionurls\01.txt	679008
lodz.pl	lodz.pl	C:\Users\PC\Downloads\top100110millionurls\01.txt	685468
altervista.org	altervista.org	C:\Users\PC\Downloads\top100110millionurls\01.txt	729144
hatenablog.com	hatenablog.com	C:\Users\PC\Downloads\top100110millionurls\01.txt	729191
main.jp	main.jp	C:\Users\PC\Downloads\top100110millionurls\01.txt	729216
sakura.ne.jp	sakura.ne.jp	C:\Users\PC\Downloads\top100110millionurls\01.txt	729248
torun.pl	torun.pl	C:\Users\PC\Downloads\top100110millionurls\01.txt	768520
webflow.io	webflow.io	C:\Users\PC\Downloads\top100110millionurls\01.txt	772518
readthedocs.io	readthedocs.io	C:\Users\PC\Downloads\top100110millionurls\01.txt	786237
gov.scot	gov.scot	C:\Users\PC\Downloads\top100110millionurls\01.txt	800336
myshopify.com	myshopify.com	C:\Users\PC\Downloads\top100110millionurls\01.txt	838537
lima-city.de	lima-city.de	C:\Users\PC\Downloads\top100110millionurls\01.txt	840492
square.site	square.site	C:\Users\PC\Downloads\top100110millionurls\01.txt	854411
ruhr-uni-bochum.de	ruhr-uni-bochum.de	C:\Users\PC\Downloads\top100110millionurls\01.txt	919139
pythonanywhere.com	pythonanywhere.com	C:\Users\PC\Downloads\top100110millionurls\01.txt	956105
0am.jp	0am.jp	C:\Users\PC\Downloads\top100110millionurls\01.txt	1003595
0g0.jp	0g0.jp	C:\Users\PC\Downloads\top100110millionurls\01.txt	1003685
0j0.jp	0j0.jp	C:\Users\PC\Downloads\top100110millionurls\01.txt	1003726
0t0.jp	0t0.jp	C:\Users\PC\Downloads\top100110millionurls\01.txt	1003851
123hjemmeside.dk	123hjemmeside.dk	C:\Users\PC\Downloads\top100110millionurls\01.txt	1005890
123hjemmeside.no	123hjemmeside.no	C:\Users\PC\Downloads\top100110millionurls\01.txt	1005891
123homepage.it	123homepage.it	C:\Users\PC\Downloads\top100110millionurls\01.txt	1005892
123kotisivu.fi	123kotisivu.fi	C:\Users\PC\Downloads\top100110millionurls\01.txt	1005919
123minsida.se	123minsida.se	C:\Users\PC\Downloads\top100110millionurls\01.txt	1005939
123miweb.es	123miweb.es	C:\Users\PC\Downloads\top100110millionurls\01.txt	1005940
123paginaweb.pt	123paginaweb.pt	C:\Users\PC\Downloads\top100110millionurls\01.txt	1006050
123siteweb.fr	123siteweb.fr	C:\Users\PC\Downloads\top100110millionurls\01.txt	1006113
123webseite.at	123webseite.at	C:\Users\PC\Downloads\top100110millionurls\01.txt	1006165
123webseite.de	123webseite.de	C:\Users\PC\Downloads\top100110millionurls\01.txt	1006166
123website.be	123website.be	C:\Users\PC\Downloads\top100110millionurls\01.txt	1006167
123website.ch	123website.ch	C:\Users\PC\Downloads\top100110millionurls\01.txt	1006168
123website.lu	123website.lu	C:\Users\PC\Downloads\top100110millionurls\01.txt	1006170
123website.nl	123website.nl	C:\Users\PC\Downloads\top100110millionurls\01.txt	1006171
12hp.at	12hp.at	C:\Users\PC\Downloads\top100110millionurls\01.txt	1006352
12hp.ch	12hp.ch	C:\Users\PC\Downloads\top100110millionurls\01.txt	1006353
12hp.de	12hp.de	C:\Users\PC\Downloads\top100110millionurls\01.txt	1006354
1337.pictures	1337.pictures	C:\Users\PC\Downloads\top100110millionurls\01.txt	1006480
1cooldns.com	1cooldns.com	C:\Users\PC\Downloads\top100110millionurls\01.txt	1008358
1kapp.com	1kapp.com	C:\Users\PC\Downloads\top100110millionurls\01.txt	1008803
2-d.jp	2-d.jp	C:\Users\PC\Downloads\top100110millionurls\01.txt	1015677
2038.io	2038.io	C:\Users\PC\Downloads\top100110millionurls\01.txt	1015923
2ix.at	2ix.at	C:\Users\PC\Downloads\top100110millionurls\01.txt	1018373
2ix.ch	2ix.ch	C:\Users\PC\Downloads\top100110millionurls\01.txt	1018374
2ix.de	2ix.de	C:\Users\PC\Downloads\top100110millionurls\01.txt	1018375
3utilities.com	3utilities.com	C:\Users\PC\Downloads\top100110millionurls\01.txt	1021569
4lima.at	4lima.at	C:\Users\PC\Downloads\top100110millionurls\01.txt	1023212
4lima.ch	4lima.ch	C:\Users\PC\Downloads\top100110millionurls\01.txt	1023213
4lima.de	4lima.de	C:\Users\PC\Downloads\top100110millionurls\01.txt	1023214
4u.com	4u.com	C:\Users\PC\Downloads\top100110millionurls\01.txt	1023565
5g.in	5g.in	C:\Users\PC\Downloads\top100110millionurls\01.txt	1025440
a2hosted.com	a2hosted.com	C:\Users\PC\Downloads\top100110millionurls\01.txt	1034492
ab.ca	ab.ca	C:\Users\PC\Downloads\top100110millionurls\01.txt	1035881
abc.br	abc.br	C:\Users\PC\Downloads\top100110millionurls\01.txt	1036300
abkhazia.su	abkhazia.su	C:\Users\PC\Downloads\top100110millionurls\01.txt	1037096
abruzzo.it	abruzzo.it	C:\Users\PC\Downloads\top100110millionurls\01.txt	1037714
ac.ae	ac.ae	C:\Users\PC\Downloads\top100110millionurls\01.txt	1038231
ac.at	ac.at	C:\Users\PC\Downloads\top100110millionurls\01.txt	1038232
ac.bd	ac.bd	C:\Users\PC\Downloads\top100110millionurls\01.txt	1038233
ac.be	ac.be	C:\Users\PC\Downloads\top100110millionurls\01.txt	1038234
ac.bw	ac.bw	C:\Users\PC\Downloads\top100110millionurls\01.txt	1038235
ac.cn	ac.cn	C:\Users\PC\Downloads\top100110millionurls\01.txt	1038238
ac.cr	ac.cr	C:\Users\PC\Downloads\top100110millionurls\01.txt	1038240
ac.cy	ac.cy	C:\Users\PC\Downloads\top100110millionurls\01.txt	1038241
ac.fj	ac.fj	C:\Users\PC\Downloads\top100110millionurls\01.txt	1038244
ac.gov.br	ac.gov.br	C:\Users\PC\Downloads\top100110millionurls\01.txt	1038245
ac.id	ac.id	C:\Users\PC\Downloads\top100110millionurls\01.txt	1038247
ac.il	ac.il	C:\Users\PC\Downloads\top100110millionurls\01.txt	1038248
ac.im	ac.im	C:\Users\PC\Downloads\top100110millionurls\01.txt	1038249
ac.in	ac.in	C:\Users\PC\Downloads\top100110millionurls\01.txt	1038250
ac.ir	ac.ir	C:\Users\PC\Downloads\top100110millionurls\01.txt	1038251
ac.jp	ac.jp	C:\Users\PC\Downloads\top100110millionurls\01.txt	1038252
ac.ke	ac.ke	C:\Users\PC\Downloads\top100110millionurls\01.txt	1038253
ac.kr	ac.kr	C:\Users\PC\Downloads\top100110millionurls\01.txt	1038254
ac.lk	ac.lk	C:\Users\PC\Downloads\top100110millionurls\01.txt	1038255
ac.ma	ac.ma	C:\Users\PC\Downloads\top100110millionurls\01.txt	1038256
ac.me	ac.me	C:\Users\PC\Downloads\top100110millionurls\01.txt	1038257
ac.mu	ac.mu	C:\Users\PC\Downloads\top100110millionurls\01.txt	1038258
ac.mw	ac.mw	C:\Users\PC\Downloads\top100110millionurls\01.txt	1038259
ac.mz	ac.mz	C:\Users\PC\Downloads\top100110millionurls\01.txt	1038260
ac.nz	ac.nz	C:\Users\PC\Downloads\top100110millionurls\01.txt	1038261
ac.pa	ac.pa	C:\Users\PC\Downloads\top100110millionurls\01.txt	1038262
ac.pg	ac.pg	C:\Users\PC\Downloads\top100110millionurls\01.txt	1038263
ac.rs	ac.rs	C:\Users\PC\Downloads\top100110millionurls\01.txt	1038264
ac.ru	ac.ru	C:\Users\PC\Downloads\top100110millionurls\01.txt	1038265
ac.rw	ac.rw	C:\Users\PC\Downloads\top100110millionurls\01.txt	1038266
ac.th	ac.th	C:\Users\PC\Downloads\top100110millionurls\01.txt	1038267
ac.tz	ac.tz	C:\Users\PC\Downloads\top100110millionurls\01.txt	1038268
ac.ug	ac.ug	C:\Users\PC\Downloads\top100110millionurls\01.txt	1038269
ac.uk	ac.uk	C:\Users\PC\Downloads\top100110millionurls\01.txt	1038270
ac.vn	ac.vn	C:\Users\PC\Downloads\top100110millionurls\01.txt	1038271
ac.za	ac.za	C:\Users\PC\Downloads\top100110millionurls\01.txt	1038272
ac.zm	ac.zm	C:\Users\PC\Downloads\top100110millionurls\01.txt	1038273
ac.zw	ac.zw	C:\Users\PC\Downloads\top100110millionurls\01.txt	1038274
accesscam.org	accesscam.org	C:\Users\PC\Downloads\top100110millionurls\01.txt	1038884
act.edu.au	act.edu.au	C:\Users\PC\Downloads\top100110millionurls\01.txt	1041028
activetrail.biz	activetrail.biz	C:\Users\PC\Downloads\top100110millionurls\01.txt	1041637
ad.jp	ad.jp	C:\Users\PC\Downloads\top100110millionurls\01.txt	1042259
adaptable.app	adaptable.app	C:\Users\PC\Downloads\top100110millionurls\01.txt	1042618
adimo.co.uk	adimo.co.uk	C:\Users\PC\Downloads\top100110millionurls\01.txt	1043934
adm.br	adm.br	C:\Users\PC\Downloads\top100110millionurls\01.txt	1044249
adobeaemcloud.com	adobeaemcloud.com	C:\Users\PC\Downloads\top100110millionurls\01.txt	1046396
adobeaemcloud.net	adobeaemcloud.net	C:\Users\PC\Downloads\top100110millionurls\01.txt	1046397
adobeio-static.net	adobeio-static.net	C:\Users\PC\Downloads\top100110millionurls\01.txt	1046423
adobeioruntime.net	adobeioruntime.net	C:\Users\PC\Downloads\top100110millionurls\01.txt	1046424
adv.br	adv.br	C:\Users\PC\Downloads\top100110millionurls\01.txt	1047889
adygeya.ru	adygeya.ru	C:\Users\PC\Downloads\top100110millionurls\01.txt	1048761
adygeya.su	adygeya.su	C:\Users\PC\Downloads\top100110millionurls\01.txt	1048762
ae.org	ae.org	C:\Users\PC\Downloads\top100110millionurls\01.txt	1048862
aeroport.fr	aeroport.fr	C:\Users\PC\Downloads\top100110millionurls\01.txt	1049441
affinitylottery.org.uk	affinitylottery.org.uk	C:\Users\PC\Downloads\top100110millionurls\01.txt	1050145
africa.com	africa.com	C:\Users\PC\Downloads\top100110millionurls\01.txt	1050597
ag.it	ag.it	C:\Users\PC\Downloads\top100110millionurls\01.txt	1051028
agr.br	agr.br	C:\Users\PC\Downloads\top100110millionurls\01.txt	1052280
agric.za	agric.za	C:\Users\PC\Downloads\top100110millionurls\01.txt	1052388
agro.pl	agro.pl	C:\Users\PC\Downloads\top100110millionurls\01.txt	1052513
ah.cn	ah.cn	C:\Users\PC\Downloads\top100110millionurls\01.txt	1052821
ai.in	ai.in	C:\Users\PC\Downloads\top100110millionurls\01.txt	1053494
ai.vn	ai.vn	C:\Users\PC\Downloads\top100110millionurls\01.txt	1053500
aichi.jp	aichi.jp	C:\Users\PC\Downloads\top100110millionurls\01.txt	1053707
aivencloud.com	aivencloud.com	C:\Users\PC\Downloads\top100110millionurls\01.txt	1055936
aju.br	aju.br	C:\Users\PC\Downloads\top100110millionurls\01.txt	1056346
ak.us	ak.us	C:\Users\PC\Downloads\top100110millionurls\01.txt	1056413
akadns.net	akadns.net	C:\Users\PC\Downloads\top100110millionurls\01.txt	1056495
akamai-staging.net	akamai-staging.net	C:\Users\PC\Downloads\top100110millionurls\01.txt	1056541
akamai.net	akamai.net	C:\Users\PC\Downloads\top100110millionurls\01.txt	1056546
akamaiedge-staging.net	akamaiedge-staging.net	C:\Users\PC\Downloads\top100110millionurls\01.txt	1056560
akamaiedge.net	akamaiedge.net	C:\Users\PC\Downloads\top100110millionurls\01.txt	1056561
akamaihd.net	akamaihd.net	C:\Users\PC\Downloads\top100110millionurls\01.txt	1056565
akamaiorigin.net	akamaiorigin.net	C:\Users\PC\Downloads\top100110millionurls\01.txt	1056568
akamaized-staging.net	akamaized-staging.net	C:\Users\PC\Downloads\top100110millionurls\01.txt	1056576
akamaized.net	akamaized.net	C:\Users\PC\Downloads\top100110millionurls\01.txt	1056580
akita.jp	akita.jp	C:\Users\PC\Downloads\top100110millionurls\01.txt	1056969
aktyubinsk.su	aktyubinsk.su	C:\Users\PC\Downloads\top100110millionurls\01.txt	1057326
al.gov.br	al.gov.br	C:\Users\PC\Downloads\top100110millionurls\01.txt	1057492
al.it	al.it	C:\Users\PC\Downloads\top100110millionurls\01.txt	1057493
al.us	al.us	C:\Users\PC\Downloads\top100110millionurls\01.txt	1057498
aland.fi	aland.fi	C:\Users\PC\Downloads\top100110millionurls\01.txt	1057740
alessandria.it	alessandria.it	C:\Users\PC\Downloads\top100110millionurls\01.txt	1058903
aliases121.com	aliases121.com	C:\Users\PC\Downloads\top100110millionurls\01.txt	1059756
alpha-myqnapcloud.com	alpha-myqnapcloud.com	C:\Users\PC\Downloads\top100110millionurls\01.txt	1063533
alt.za	alt.za	C:\Users\PC\Downloads\top100110millionurls\01.txt	1064261
altervista.org	altervista.org	C:\Users\PC\Downloads\top100110millionurls\01.txt	1064669
altoadige.it	altoadige.it	C:\Users\PC\Downloads\top100110millionurls\01.txt	1064826
alwaysdata.net	alwaysdata.net	C:\Users\PC\Downloads\top100110millionurls\01.txt	1065198
am.br	am.br	C:\Users\PC\Downloads\top100110millionurls\01.txt	1065364
am.gov.br	am.gov.br	C:\Users\PC\Downloads\top100110millionurls\01.txt	1065368
amplifyapp.com	amplifyapp.com	C:\Users\PC\Downloads\top100110millionurls\01.txt	1068259
an.it	an.it	C:\Users\PC\Downloads\top100110millionurls\01.txt	1068854
ancona.it	ancona.it	C:\Users\PC\Downloads\top100110millionurls\01.txt	1069546
antagonist.cloud	antagonist.cloud	C:\Users\PC\Downloads\top100110millionurls\01.txt	1072679
ao.it	ao.it	C:\Users\PC\Downloads\top100110millionurls\01.txt	1073962
aomori.jp	aomori.jp	C:\Users\PC\Downloads\top100110millionurls\01.txt	1074148
ap.gov.br	ap.gov.br	C:\Users\PC\Downloads\top100110millionurls\01.txt	1074392
ap.gov.pl	ap.gov.pl	C:\Users\PC\Downloads\top100110millionurls\01.txt	1074394
ap.it	ap.it	C:\Users\PC\Downloads\top100110millionurls\01.txt	1074396
api.gov.uk	api.gov.uk	C:\Users\PC\Downloads\top100110millionurls\01.txt	1075176
apigee.io	apigee.io	C:\Users\PC\Downloads\top100110millionurls\01.txt	1075378
app.br	app.br	C:\Users\PC\Downloads\top100110millionurls\01.txt	1076723
appchizi.com	appchizi.com	C:\Users\PC\Downloads\top100110millionurls\01.txt	1076972
applinzi.com	applinzi.com	C:\Users\PC\Downloads\top100110millionurls\01.txt	1077697
apps-1and1.com	apps-1and1.com	C:\Users\PC\Downloads\top100110millionurls\01.txt	1078064
apps-1and1.net	apps-1and1.net	C:\Users\PC\Downloads\top100110millionurls\01.txt	1078065
appspaceusercontent.com	appspaceusercontent.com	C:\Users\PC\Downloads\top100110millionurls\01.txt	1078282
appspot.com	appspot.com	C:\Users\PC\Downloads\top100110millionurls\01.txt	1078292
aq.it	aq.it	C:\Users\PC\Downloads\top100110millionurls\01.txt	1079134
aquila.it	aquila.it	C:\Users\PC\Downloads\top100110millionurls\01.txt	1079474
ar.it	ar.it	C:\Users\PC\Downloads\top100110millionurls\01.txt	1079579
ar.us	ar.us	C:\Users\PC\Downloads\top100110millionurls\01.txt	1079582
arezzo.it	arezzo.it	C:\Users\PC\Downloads\top100110millionurls\01.txt	1081431
arkhangelsk.su	arkhangelsk.su	C:\Users\PC\Downloads\top100110millionurls\01.txt	1082132
armenia.su	armenia.su	C:\Users\PC\Downloads\top100110millionurls\01.txt	1082432
arq.br	arq.br	C:\Users\PC\Downloads\top100110millionurls\01.txt	1082902
art.br	art.br	C:\Users\PC\Downloads\top100110millionurls\01.txt	1083318
art.pl	art.pl	C:\Users\PC\Downloads\top100110millionurls\01.txt	1083324
ashgabad.su	ashgabad.su	C:\Users\PC\Downloads\top100110millionurls\01.txt	1085745
asn.au	asn.au	C:\Users\PC\Downloads\top100110millionurls\01.txt	1086836
asso.fr	asso.fr	C:\Users\PC\Downloads\top100110millionurls\01.txt	1087692
asti.it	asti.it	C:\Users\PC\Downloads\top100110millionurls\01.txt	1088040
at-band-camp.net	at-band-camp.net	C:\Users\PC\Downloads\top100110millionurls\01.txt	1088701
at.it	at.it	C:\Users\PC\Downloads\top100110millionurls\01.txt	1088741
ath.cx	ath.cx	C:\Users\PC\Downloads\top100110millionurls\01.txt	1089262
atmeta.com	atmeta.com	C:\Users\PC\Downloads\top100110millionurls\01.txt	1090178
augustow.pl	augustow.pl	C:\Users\PC\Downloads\top100110millionurls\01.txt	1092191
authgear-staging.com	authgear-staging.com	C:\Users\PC\Downloads\top100110millionurls\01.txt	1093173
authgearapps.com	authgearapps.com	C:\Users\PC\Downloads\top100110millionurls\01.txt	1093174
auto.pl	auto.pl	C:\Users\PC\Downloads\top100110millionurls\01.txt	1093381
av.it	av.it	C:\Users\PC\Downloads\top100110millionurls\01.txt	1095045
av.tr	av.tr	C:\Users\PC\Downloads\top100110millionurls\01.txt	1095051
avocat.fr	avocat.fr	C:\Users\PC\Downloads\top100110millionurls\01.txt	1096589
awsapps.com	awsapps.com	C:\Users\PC\Downloads\top100110millionurls\01.txt	1097734
awsglobalaccelerator.com	awsglobalaccelerator.com	C:\Users\PC\Downloads\top100110millionurls\01.txt	1098017
az.us	az.us	C:\Users\PC\Downloads\top100110millionurls\01.txt	1099131
azerbaijan.su	azerbaijan.su	C:\Users\PC\Downloads\top100110millionurls\01.txt	1099529
azure-api.net	azure-api.net	C:\Users\PC\Downloads\top100110millionurls\01.txt	1101682
azure-api.us	azure-api.us	C:\Users\PC\Downloads\top100110millionurls\01.txt	1101683
azure-mobile.net	azure-mobile.net	C:\Users\PC\Downloads\top100110millionurls\01.txt	1101704
azureedge.net	azureedge.net	C:\Users\PC\Downloads\top100110millionurls\01.txt	1101733
azurefd.net	azurefd.net	C:\Users\PC\Downloads\top100110millionurls\01.txt	1101735
azurestaticapps.net	azurestaticapps.net	C:\Users\PC\Downloads\top100110millionurls\01.txt	1101765
azurewebsites.net	azurewebsites.net	C:\Users\PC\Downloads\top100110millionurls\01.txt	1101771
azurewebsites.us	azurewebsites.us	C:\Users\PC\Downloads\top100110millionurls\01.txt	1101772
b.br	b.br	C:\Users\PC\Downloads\top100110millionurls\01.txt	1101989
ba.gov.br	ba.gov.br	C:\Users\PC\Downloads\top100110millionurls\01.txt	1102608
ba.it	ba.it	C:\Users\PC\Downloads\top100110millionurls\01.txt	1102609
babia-gora.pl	babia-gora.pl	C:\Users\PC\Downloads\top100110millionurls\01.txt	1102869
babyblue.jp	babyblue.jp	C:\Users\PC\Downloads\top100110millionurls\01.txt	1103016
babymilk.jp	babymilk.jp	C:\Users\PC\Downloads\top100110millionurls\01.txt	1103134
backdrop.jp	backdrop.jp	C:\Users\PC\Downloads\top100110millionurls\01.txt	1103400
balashov.su	balashov.su	C:\Users\PC\Downloads\top100110millionurls\01.txt	1105244
balena-devices.com	balena-devices.com	C:\Users\PC\Downloads\top100110millionurls\01.txt	1105328
bari.it	bari.it	C:\Users\PC\Downloads\top100110millionurls\01.txt	1108148
barsy.bg	barsy.bg	C:\Users\PC\Downloads\top100110millionurls\01.txt	1108523
barsy.in	barsy.in	C:\Users\PC\Downloads\top100110millionurls\01.txt	1108524
barsy.menu	barsy.menu	C:\Users\PC\Downloads\top100110millionurls\01.txt	1108525
barsy.net	barsy.net	C:\Users\PC\Downloads\top100110millionurls\01.txt	1108526
barsy.online	barsy.online	C:\Users\PC\Downloads\top100110millionurls\01.txt	1108527
barsy.shop	barsy.shop	C:\Users\PC\Downloads\top100110millionurls\01.txt	1108528
barsy.support	barsy.support	C:\Users\PC\Downloads\top100110millionurls\01.txt	1108529
barsyonline.co.uk	barsyonline.co.uk	C:\Users\PC\Downloads\top100110millionurls\01.txt	1108530
barsyonline.com	barsyonline.com	C:\Users\PC\Downloads\top100110millionurls\01.txt	1108531
base.ec	base.ec	C:\Users\PC\Downloads\top100110millionurls\01.txt	1108715
base.shop	base.shop	C:\Users\PC\Downloads\top100110millionurls\01.txt	1108720
bashkiria.ru	bashkiria.ru	C:\Users\PC\Downloads\top100110millionurls\01.txt	1108939
bashkiria.su	bashkiria.su	C:\Users\PC\Downloads\top100110millionurls\01.txt	1108940
basicserver.io	basicserver.io	C:\Users\PC\Downloads\top100110millionurls\01.txt	1108990
basilicata.it	basilicata.it	C:\Users\PC\Downloads\top100110millionurls\01.txt	1109011
bbs.tr	bbs.tr	C:\Users\PC\Downloads\top100110millionurls\01.txt	1110911
bc.ca	bc.ca	C:\Users\PC\Downloads\top100110millionurls\01.txt	1111187
bearblog.dev	bearblog.dev	C:\Users\PC\Downloads\top100110millionurls\01.txt	1112667
bedzin.pl	bedzin.pl	C:\Users\PC\Downloads\top100110millionurls\01.txt	1113625
beep.pl	beep.pl	C:\Users\PC\Downloads\top100110millionurls\01.txt	1113921
bel.tr	bel.tr	C:\Users\PC\Downloads\top100110millionurls\01.txt	1114621
belem.br	belem.br	C:\Users\PC\Downloads\top100110millionurls\01.txt	1114725
belluno.it	belluno.it	C:\Users\PC\Downloads\top100110millionurls\01.txt	1115191
bergamo.it	bergamo.it	C:\Users\PC\Downloads\top100110millionurls\01.txt	1116388
beskidy.pl	beskidy.pl	C:\Users\PC\Downloads\top100110millionurls\01.txt	1116976
better-than.tv	better-than.tv	C:\Users\PC\Downloads\top100110millionurls\01.txt	1120505
bg.it	bg.it	C:\Users\PC\Downloads\top100110millionurls\01.txt	1122018
bhz.br	bhz.br	C:\Users\PC\Downloads\top100110millionurls\01.txt	1122668
bi.it	bi.it	C:\Users\PC\Downloads\top100110millionurls\01.txt	1122692
bialowieza.pl	bialowieza.pl	C:\Users\PC\Downloads\top100110millionurls\01.txt	1122740
bialystok.pl	bialystok.pl	C:\Users\PC\Downloads\top100110millionurls\01.txt	1122742
bielawa.pl	bielawa.pl	C:\Users\PC\Downloads\top100110millionurls\01.txt	1123481
biella.it	biella.it	C:\Users\PC\Downloads\top100110millionurls\01.txt	1123487
bielsko.pl	bielsko.pl	C:\Users\PC\Downloads\top100110millionurls\01.txt	1123489
bieszczady.pl	bieszczady.pl	C:\Users\PC\Downloads\top100110millionurls\01.txt	1123553
bio.br	bio.br	C:\Users\PC\Downloads\top100110millionurls\01.txt	1126260
bir.ru	bir.ru	C:\Users\PC\Downloads\top100110millionurls\01.txt	1126916
bitbucket.io	bitbucket.io	C:\Users\PC\Downloads\top100110millionurls\01.txt	1127653
bitter.jp	bitter.jp	C:\Users\PC\Downloads\top100110millionurls\01.txt	1128596
biz.id	biz.id	C:\Users\PC\Downloads\top100110millionurls\01.txt	1128885
biz.in	biz.in	C:\Users\PC\Downloads\top100110millionurls\01.txt	1128886
biz.my	biz.my	C:\Users\PC\Downloads\top100110millionurls\01.txt	1128888
biz.pl	biz.pl	C:\Users\PC\Downloads\top100110millionurls\01.txt	1128892
biz.tr	biz.tr	C:\Users\PC\Downloads\top100110millionurls\01.txt	1128896
biz.ua	biz.ua	C:\Users\PC\Downloads\top100110millionurls\01.txt	1128897
biz.vn	biz.vn	C:\Users\PC\Downloads\top100110millionurls\01.txt	1128899
bj.cn	bj.cn	C:\Users\PC\Downloads\top100110millionurls\01.txt	1129294
bl.it	bl.it	C:\Users\PC\Downloads\top100110millionurls\01.txt	1130019
blackbaudcdn.net	blackbaudcdn.net	C:\Users\PC\Downloads\top100110millionurls\01.txt	1130154
blog.br	blog.br	C:\Users\PC\Downloads\top100110millionurls\01.txt	1132082
blogdns.com	blogdns.com	C:\Users\PC\Downloads\top100110millionurls\01.txt	1132194
blogdns.net	blogdns.net	C:\Users\PC\Downloads\top100110millionurls\01.txt	1132195
blogdns.org	blogdns.org	C:\Users\PC\Downloads\top100110millionurls\01.txt	1132196
blogsite.org	blogsite.org	C:\Users\PC\Downloads\top100110millionurls\01.txt	1132452
blogspot.com	blogspot.com	C:\Users\PC\Downloads\top100110millionurls\01.txt	1132485
blogsyte.com	blogsyte.com	C:\Users\PC\Downloads\top100110millionurls\01.txt	1132552
bluebite.io	bluebite.io	C:\Users\PC\Downloads\top100110millionurls\01.txt	1133264
bmoattachments.org	bmoattachments.org	C:\Users\PC\Downloads\top100110millionurls\01.txt	1134588
bn.it	bn.it	C:\Users\PC\Downloads\top100110millionurls\01.txt	1134997
bnr.la	bnr.la	C:\Users\PC\Downloads\top100110millionurls\01.txt	1135333
bo.it	bo.it	C:\Users\PC\Downloads\top100110millionurls\01.txt	1135426
boldlygoingnowhere.org	boldlygoingnowhere.org	C:\Users\PC\Downloads\top100110millionurls\01.txt	1136916
boleslawiec.pl	boleslawiec.pl	C:\Users\PC\Downloads\top100110millionurls\01.txt	1136975
bolivia.bo	bolivia.bo	C:\Users\PC\Downloads\top100110millionurls\01.txt	1137041
bologna.it	bologna.it	C:\Users\PC\Downloads\top100110millionurls\01.txt	1137141
bolt.hu	bolt.hu	C:\Users\PC\Downloads\top100110millionurls\01.txt	1137194
bolzano.it	bolzano.it	C:\Users\PC\Downloads\top100110millionurls\01.txt	1137268
bona.jp	bona.jp	C:\Users\PC\Downloads\top100110millionurls\01.txt	1137417
boo.jp	boo.jp	C:\Users\PC\Downloads\top100110millionurls\01.txt	1138331
boomla.net	boomla.net	C:\Users\PC\Downloads\top100110millionurls\01.txt	1139964
bounceme.net	bounceme.net	C:\Users\PC\Downloads\top100110millionurls\01.txt	1141614
boutir.com	boutir.com	C:\Users\PC\Downloads\top100110millionurls\01.txt	1141817
box.ca	box.ca	C:\Users\PC\Downloads\top100110millionurls\01.txt	1142014
boy.jp	boy.jp	C:\Users\PC\Downloads\top100110millionurls\01.txt	1142260
bplaced.com	bplaced.com	C:\Users\PC\Downloads\top100110millionurls\01.txt	1142603
bplaced.de	bplaced.de	C:\Users\PC\Downloads\top100110millionurls\01.txt	1142604
bplaced.net	bplaced.net	C:\Users\PC\Downloads\top100110millionurls\01.txt	1142605
br.com	br.com	C:\Users\PC\Downloads\top100110millionurls\01.txt	1142911
br.it	br.it	C:\Users\PC\Downloads\top100110millionurls\01.txt	1142918
brasilia.me	brasilia.me	C:\Users\PC\Downloads\top100110millionurls\01.txt	1143918
brescia.it	brescia.it	C:\Users\PC\Downloads\top100110millionurls\01.txt	1144796
broke-it.net	broke-it.net	C:\Users\PC\Downloads\top100110millionurls\01.txt	1146571
browsersafetymark.io	browsersafetymark.io	C:\Users\PC\Downloads\top100110millionurls\01.txt	1147115
bryansk.su	bryansk.su	C:\Users\PC\Downloads\top100110millionurls\01.txt	1147533
bs.it	bs.it	C:\Users\PC\Downloads\top100110millionurls\01.txt	1147638
bsb.br	bsb.br	C:\Users\PC\Downloads\top100110millionurls\01.txt	1147725
bss.design	bss.design	C:\Users\PC\Downloads\top100110millionurls\01.txt	1148092
bt.it	bt.it	C:\Users\PC\Downloads\top100110millionurls\01.txt	1148244
bubbleapps.io	bubbleapps.io	C:\Users\PC\Downloads\top100110millionurls\01.txt	1148948
builtwithdark.com	builtwithdark.com	C:\Users\PC\Downloads\top100110millionurls\01.txt	1150064
bukhara.su	bukhara.su	C:\Users\PC\Downloads\top100110millionurls\01.txt	1150111
bumbleshrimp.com	bumbleshrimp.com	C:\Users\PC\Downloads\top100110millionurls\01.txt	1150567
busan.kr	busan.kr	C:\Users\PC\Downloads\top100110millionurls\01.txt	1151438
buyshop.jp	buyshop.jp	C:\Users\PC\Downloads\top100110millionurls\01.txt	1152612
buyshouses.net	buyshouses.net	C:\Users\PC\Downloads\top100110millionurls\01.txt	1152613
bydgoszcz.pl	bydgoszcz.pl	C:\Users\PC\Downloads\top100110millionurls\01.txt	1153638
bytom.pl	bytom.pl	C:\Users\PC\Downloads\top100110millionurls\01.txt	1154246
bz.it	bz.it	C:\Users\PC\Downloads\top100110millionurls\01.txt	1154325
c66.me	c66.me	C:\Users\PC\Downloads\top100110millionurls\01.txt	1154913
ca.it	ca.it	C:\Users\PC\Downloads\top100110millionurls\01.txt	1155094
ca.us	ca.us	C:\Users\PC\Downloads\top100110millionurls\01.txt	1155097
cable-modem.org	cable-modem.org	C:\Users\PC\Downloads\top100110millionurls\01.txt	1155271
cafjs.com	cafjs.com	C:\Users\PC\Downloads\top100110millionurls\01.txt	1156064
cagliari.it	cagliari.it	C:\Users\PC\Downloads\top100110millionurls\01.txt	1156119
calabria.it	calabria.it	C:\Users\PC\Downloads\top100110millionurls\01.txt	1156509
caltanissetta.it	caltanissetta.it	C:\Users\PC\Downloads\top100110millionurls\01.txt	1157360
camdvr.org	camdvr.org	C:\Users\PC\Downloads\top100110millionurls\01.txt	1157720
campaign.gov.uk	campaign.gov.uk	C:\Users\PC\Downloads\top100110millionurls\01.txt	1158056
campania.it	campania.it	C:\Users\PC\Downloads\top100110millionurls\01.txt	1158110
campinas.br	campinas.br	C:\Users\PC\Downloads\top100110millionurls\01.txt	1158205
candypop.jp	candypop.jp	C:\Users\PC\Downloads\top100110millionurls\01.txt	1159312
canva-apps.cn	canva-apps.cn	C:\Users\PC\Downloads\top100110millionurls\01.txt	1159769
canva-apps.com	canva-apps.com	C:\Users\PC\Downloads\top100110millionurls\01.txt	1159770
carrd.co	carrd.co	C:\Users\PC\Downloads\top100110millionurls\01.txt	1162723
casacam.net	casacam.net	C:\Users\PC\Downloads\top100110millionurls\01.txt	1163549
caserta.it	caserta.it	C:\Users\PC\Downloads\top100110millionurls\01.txt	1163868
catania.it	catania.it	C:\Users\PC\Downloads\top100110millionurls\01.txt	1169790
catholic.edu.au	catholic.edu.au	C:\Users\PC\Downloads\top100110millionurls\01.txt	1170284
caxias.br	caxias.br	C:\Users\PC\Downloads\top100110millionurls\01.txt	1170774
cb.it	cb.it	C:\Users\PC\Downloads\top100110millionurls\01.txt	1171483
cbg.ru	cbg.ru	C:\Users\PC\Downloads\top100110millionurls\01.txt	1171694
cc.ua	cc.ua	C:\Users\PC\Downloads\top100110millionurls\01.txt	1172164
cci.fr	cci.fr	C:\Users\PC\Downloads\top100110millionurls\01.txt	1172608
cdn77-storage.com	cdn77-storage.com	C:\Users\PC\Downloads\top100110millionurls\01.txt	1174406
ce.gov.br	ce.gov.br	C:\Users\PC\Downloads\top100110millionurls\01.txt	1175873
ce.it	ce.it	C:\Users\PC\Downloads\top100110millionurls\01.txt	1175874
cechire.com	cechire.com	C:\Users\PC\Downloads\top100110millionurls\01.txt	1175986
cf-ipfs.com	cf-ipfs.com	C:\Users\PC\Downloads\top100110millionurls\01.txt	1178807
cfolks.pl	cfolks.pl	C:\Users\PC\Downloads\top100110millionurls\01.txt	1179134
ch.it	ch.it	C:\Users\PC\Downloads\top100110millionurls\01.txt	1179648
chambagri.fr	chambagri.fr	C:\Users\PC\Downloads\top100110millionurls\01.txt	1180039
channelsdvr.net	channelsdvr.net	C:\Users\PC\Downloads\top100110millionurls\01.txt	1180672
cherkassy.ua	cherkassy.ua	C:\Users\PC\Downloads\top100110millionurls\01.txt	1183523
chernigov.ua	chernigov.ua	C:\Users\PC\Downloads\top100110millionurls\01.txt	1183536
chernivtsi.ua	chernivtsi.ua	C:\Users\PC\Downloads\top100110millionurls\01.txt	1183538
chernovtsy.ua	chernovtsy.ua	C:\Users\PC\Downloads\top100110millionurls\01.txt	1183541
chiba.jp	chiba.jp	C:\Users\PC\Downloads\top100110millionurls\01.txt	1183975
chicappa.jp	chicappa.jp	C:\Users\PC\Downloads\top100110millionurls\01.txt	1184048
chieti.it	chieti.it	C:\Users\PC\Downloads\top100110millionurls\01.txt	1184260
chimkent.su	chimkent.su	C:\Users\PC\Downloads\top100110millionurls\01.txt	1184606
chips.jp	chips.jp	C:\Users\PC\Downloads\top100110millionurls\01.txt	1185224
chirurgiens-dentistes-en-france.fr	chirurgiens-dentistes-en-france.fr	C:\Users\PC\Downloads\top100110millionurls\01.txt	1185307
chirurgiens-dentistes.fr	chirurgiens-dentistes.fr	C:\Users\PC\Downloads\top100110millionurls\01.txt	1185308
chu.jp	chu.jp	C:\Users\PC\Downloads\top100110millionurls\01.txt	1186561
ciao.jp	ciao.jp	C:\Users\PC\Downloads\top100110millionurls\01.txt	1187030
cieszyn.pl	cieszyn.pl	C:\Users\PC\Downloads\top100110millionurls\01.txt	1187349
cim.br	cim.br	C:\Users\PC\Downloads\top100110millionurls\01.txt	1187577
ciscofreak.com	ciscofreak.com	C:\Users\PC\Downloads\top100110millionurls\01.txt	1188782
ck.ua	ck.ua	C:\Users\PC\Downloads\top100110millionurls\01.txt	1190273
cl.it	cl.it	C:\Users\PC\Downloads\top100110millionurls\01.txt	1190462
clan.rip	clan.rip	C:\Users\PC\Downloads\top100110millionurls\01.txt	1190627
cleverapps.io	cleverapps.io	C:\Users\PC\Downloads\top100110millionurls\01.txt	1192301
cloud.goog	cloud.goog	C:\Users\PC\Downloads\top100110millionurls\01.txt	1194377
cloudaccess.host	cloudaccess.host	C:\Users\PC\Downloads\top100110millionurls\01.txt	1194473
cloudaccess.net	cloudaccess.net	C:\Users\PC\Downloads\top100110millionurls\01.txt	1194475
cloudapp.net	cloudapp.net	C:\Users\PC\Downloads\top100110millionurls\01.txt	1194507
cloudflare-ipfs.com	cloudflare-ipfs.com	C:\Users\PC\Downloads\top100110millionurls\01.txt	1194895
cloudflare.net	cloudflare.net	C:\Users\PC\Downloads\top100110millionurls\01.txt	1194904
cloudfront.net	cloudfront.net	C:\Users\PC\Downloads\top100110millionurls\01.txt	1194972
cloudfunctions.net	cloudfunctions.net	C:\Users\PC\Downloads\top100110millionurls\01.txt	1194978
cloudjiffy.net	cloudjiffy.net	C:\Users\PC\Downloads\top100110millionurls\01.txt	1195124
cloudns.asia	cloudns.asia	C:\Users\PC\Downloads\top100110millionurls\01.txt	1195309
cloudns.be	cloudns.be	C:\Users\PC\Downloads\top100110millionurls\01.txt	1195310
cloudns.biz	cloudns.biz	C:\Users\PC\Downloads\top100110millionurls\01.txt	1195311
cloudns.cc	cloudns.cc	C:\Users\PC\Downloads\top100110millionurls\01.txt	1195312
cloudns.ch	cloudns.ch	C:\Users\PC\Downloads\top100110millionurls\01.txt	1195313
cloudns.cl	cloudns.cl	C:\Users\PC\Downloads\top100110millionurls\01.txt	1195314
cloudns.club	cloudns.club	C:\Users\PC\Downloads\top100110millionurls\01.txt	1195315
cloudns.cx	cloudns.cx	C:\Users\PC\Downloads\top100110millionurls\01.txt	1195317
cloudns.eu	cloudns.eu	C:\Users\PC\Downloads\top100110millionurls\01.txt	1195318
cloudns.info	cloudns.info	C:\Users\PC\Downloads\top100110millionurls\01.txt	1195319
cloudns.nz	cloudns.nz	C:\Users\PC\Downloads\top100110millionurls\01.txt	1195322
cloudns.org	cloudns.org	C:\Users\PC\Downloads\top100110millionurls\01.txt	1195323
cloudns.ph	cloudns.ph	C:\Users\PC\Downloads\top100110millionurls\01.txt	1195324
cloudns.pro	cloudns.pro	C:\Users\PC\Downloads\top100110millionurls\01.txt	1195325
cloudns.pw	cloudns.pw	C:\Users\PC\Downloads\top100110millionurls\01.txt	1195326
cloudns.us	cloudns.us	C:\Users\PC\Downloads\top100110millionurls\01.txt	1195328
cloudsite.builders	cloudsite.builders	C:\Users\PC\Downloads\top100110millionurls\01.txt	1195545
cloudycluster.net	cloudycluster.net	C:\Users\PC\Downloads\top100110millionurls\01.txt	1195789
club.tw	club.tw	C:\Users\PC\Downloads\top100110millionurls\01.txt	1196155
cn.com	cn.com	C:\Users\PC\Downloads\top100110millionurls\01.txt	1197940
cn.in	cn.in	C:\Users\PC\Downloads\top100110millionurls\01.txt	1197945
cn.it	cn.it	C:\Users\PC\Downloads\top100110millionurls\01.txt	1197946
cn.ua	cn.ua	C:\Users\PC\Downloads\top100110millionurls\01.txt	1197951
cnt.br	cnt.br	C:\Users\PC\Downloads\top100110millionurls\01.txt	1198701
co.za	co.za	C:\Users\PC\Downloads\top100110millionurls\01.txt	1198907
codeberg.page	codeberg.page	C:\Users\PC\Downloads\top100110millionurls\01.txt	1199809
codespot.com	codespot.com	C:\Users\PC\Downloads\top100110millionurls\01.txt	1200145
collegefan.org	collegefan.org	C:\Users\PC\Downloads\top100110millionurls\01.txt	1202127
com.de	com.de	C:\Users\PC\Downloads\top100110millionurls\01.txt	1203078
com.ru	com.ru	C:\Users\PC\Downloads\top100110millionurls\01.txt	1203081
community-pro.de	community-pro.de	C:\Users\PC\Downloads\top100110millionurls\01.txt	1204324
community-pro.net	community-pro.net	C:\Users\PC\Downloads\top100110millionurls\01.txt	1204325
como.it	como.it	C:\Users\PC\Downloads\top100110millionurls\01.txt	1204439
convex.cloud	convex.cloud	C:\Users\PC\Downloads\top100110millionurls\01.txt	1209534
coop.ar	coop.ar	C:\Users\PC\Downloads\top100110millionurls\01.txt	1210367
coop.br	coop.br	C:\Users\PC\Downloads\top100110millionurls\01.txt	1210368
coop.np	coop.np	C:\Users\PC\Downloads\top100110millionurls\01.txt	1210379
coop.py	coop.py	C:\Users\PC\Downloads\top100110millionurls\01.txt	1210381
couchpotatofries.org	couchpotatofries.org	C:\Users\PC\Downloads\top100110millionurls\01.txt	1212831
cprapid.com	cprapid.com	C:\Users\PC\Downloads\top100110millionurls\01.txt	1214369
cq.cn	cq.cn	C:\Users\PC\Downloads\top100110millionurls\01.txt	1214542
cr.it	cr.it	C:\Users\PC\Downloads\top100110millionurls\01.txt	1214737
craft.me	craft.me	C:\Users\PC\Downloads\top100110millionurls\01.txt	1214870
cranky.jp	cranky.jp	C:\Users\PC\Downloads\top100110millionurls\01.txt	1215095
crap.jp	crap.jp	C:\Users\PC\Downloads\top100110millionurls\01.txt	1215106
crd.co	crd.co	C:\Users\PC\Downloads\top100110millionurls\01.txt	1215511
cremona.it	cremona.it	C:\Users\PC\Downloads\top100110millionurls\01.txt	1216459
cri.nz	cri.nz	C:\Users\PC\Downloads\top100110millionurls\01.txt	1216697
crimea.ua	crimea.ua	C:\Users\PC\Downloads\top100110millionurls\01.txt	1216895
crotone.it	crotone.it	C:\Users\PC\Downloads\top100110millionurls\01.txt	1217869
cs.in	cs.in	C:\Users\PC\Downloads\top100110millionurls\01.txt	1219264
cs.it	cs.it	C:\Users\PC\Downloads\top100110millionurls\01.txt	1219266
csb.app	csb.app	C:\Users\PC\Downloads\top100110millionurls\01.txt	1219376
csx.cc	csx.cc	C:\Users\PC\Downloads\top100110millionurls\01.txt	1220285
ct.it	ct.it	C:\Users\PC\Downloads\top100110millionurls\01.txt	1220331
ct.us	ct.us	C:\Users\PC\Downloads\top100110millionurls\01.txt	1220336
ctfcloud.net	ctfcloud.net	C:\Users\PC\Downloads\top100110millionurls\01.txt	1220534
cuiaba.br	cuiaba.br	C:\Users\PC\Downloads\top100110millionurls\01.txt	1221883
cuneo.it	cuneo.it	C:\Users\PC\Downloads\top100110millionurls\01.txt	1222307
curitiba.br	curitiba.br	C:\Users\PC\Downloads\top100110millionurls\01.txt	1222684
cv.ua	cv.ua	C:\Users\PC\Downloads\top100110millionurls\01.txt	1223577
cx.ua	cx.ua	C:\Users\PC\Downloads\top100110millionurls\01.txt	1224112
cyon.link	cyon.link	C:\Users\PC\Downloads\top100110millionurls\01.txt	1225268
cyon.site	cyon.site	C:\Users\PC\Downloads\top100110millionurls\01.txt	1225270
cz.it	cz.it	C:\Users\PC\Downloads\top100110millionurls\01.txt	1225473
czeladz.pl	czeladz.pl	C:\Users\PC\Downloads\top100110millionurls\01.txt	1225577
czest.pl	czest.pl	C:\Users\PC\Downloads\top100110millionurls\01.txt	1225580
daa.jp	daa.jp	C:\Users\PC\Downloads\top100110millionurls\01.txt	1226206
dagestan.ru	dagestan.ru	C:\Users\PC\Downloads\top100110millionurls\01.txt	1226998
dagestan.su	dagestan.su	C:\Users\PC\Downloads\top100110millionurls\01.txt	1226999
damnserver.com	damnserver.com	C:\Users\PC\Downloads\top100110millionurls\01.txt	1228434
danang.vn	danang.vn	C:\Users\PC\Downloads\top100110millionurls\01.txt	1228567
dattolocal.com	dattolocal.com	C:\Users\PC\Downloads\top100110millionurls\01.txt	1231687
dattolocal.net	dattolocal.net	C:\Users\PC\Downloads\top100110millionurls\01.txt	1231688
dattoweb.com	dattoweb.com	C:\Users\PC\Downloads\top100110millionurls\01.txt	1231691
ddns.me	ddns.me	C:\Users\PC\Downloads\top100110millionurls\01.txt	1233700
ddns.net	ddns.net	C:\Users\PC\Downloads\top100110millionurls\01.txt	1233705
ddnsfree.com	ddnsfree.com	C:\Users\PC\Downloads\top100110millionurls\01.txt	1233735
ddnsgeek.com	ddnsgeek.com	C:\Users\PC\Downloads\top100110millionurls\01.txt	1233737
ddnsguru.com	ddnsguru.com	C:\Users\PC\Downloads\top100110millionurls\01.txt	1233740
ddnsking.com	ddnsking.com	C:\Users\PC\Downloads\top100110millionurls\01.txt	1233747
ddnss.de	ddnss.de	C:\Users\PC\Downloads\top100110millionurls\01.txt	1233757
ddnss.org	ddnss.org	C:\Users\PC\Downloads\top100110millionurls\01.txt	1233760
ddnssec.de	ddnssec.de	C:\Users\PC\Downloads\top100110millionurls\01.txt	1233761
de.com	de.com	C:\Users\PC\Downloads\top100110millionurls\01.txt	1233971
de.cool	de.cool	C:\Users\PC\Downloads\top100110millionurls\01.txt	1233972
de.us	de.us	C:\Users\PC\Downloads\top100110millionurls\01.txt	1233986
debian.net	debian.net	C:\Users\PC\Downloads\top100110millionurls\01.txt	1234575
deca.jp	deca.jp	C:\Users\PC\Downloads\top100110millionurls\01.txt	1234705
deci.jp	deci.jp	C:\Users\PC\Downloads\top100110millionurls\01.txt	1234880
dedibox.fr	dedibox.fr	C:\Users\PC\Downloads\top100110millionurls\01.txt	1235236
dedyn.io	dedyn.io	C:\Users\PC\Downloads\top100110millionurls\01.txt	1235306
def.br	def.br	C:\Users\PC\Downloads\top100110millionurls\01.txt	1235695
definima.net	definima.net	C:\Users\PC\Downloads\top100110millionurls\01.txt	1235907
demon.nl	demon.nl	C:\Users\PC\Downloads\top100110millionurls\01.txt	1237596
deno-staging.dev	deno-staging.dev	C:\Users\PC\Downloads\top100110millionurls\01.txt	1237934
deno.dev	deno.dev	C:\Users\PC\Downloads\top100110millionurls\01.txt	1237936
dep.no	dep.no	C:\Users\PC\Downloads\top100110millionurls\01.txt	1238263
des.br	des.br	C:\Users\PC\Downloads\top100110millionurls\01.txt	1238853
desa.id	desa.id	C:\Users\PC\Downloads\top100110millionurls\01.txt	1238861
deta.app	deta.app	C:\Users\PC\Downloads\top100110millionurls\01.txt	1239857
deta.dev	deta.dev	C:\Users\PC\Downloads\top100110millionurls\01.txt	1239859
dev.br	dev.br	C:\Users\PC\Downloads\top100110millionurls\01.txt	1240348
df.gov.br	df.gov.br	C:\Users\PC\Downloads\top100110millionurls\01.txt	1241474
dfirma.pl	dfirma.pl	C:\Users\PC\Downloads\top100110millionurls\01.txt	1241618
diadem.cloud	diadem.cloud	C:\Users\PC\Downloads\top100110millionurls\01.txt	1242610
discordsays.com	discordsays.com	C:\Users\PC\Downloads\top100110millionurls\01.txt	1248035
discordsez.com	discordsez.com	C:\Users\PC\Downloads\top100110millionurls\01.txt	1248037
discourse.group	discourse.group	C:\Users\PC\Downloads\top100110millionurls\01.txt	1248145
discourse.team	discourse.team	C:\Users\PC\Downloads\top100110millionurls\01.txt	1248147
diskstation.me	diskstation.me	C:\Users\PC\Downloads\top100110millionurls\01.txt	1248503
diskussionsbereich.de	diskussionsbereich.de	C:\Users\PC\Downloads\top100110millionurls\01.txt	1248512
ditchyourip.com	ditchyourip.com	C:\Users\PC\Downloads\top100110millionurls\01.txt	1249026
dix.asia	dix.asia	C:\Users\PC\Downloads\top100110millionurls\01.txt	1249483
dkonto.pl	dkonto.pl	C:\Users\PC\Downloads\top100110millionurls\01.txt	1250191
dn.ua	dn.ua	C:\Users\PC\Downloads\top100110millionurls\01.txt	1251266
dns-cloud.net	dns-cloud.net	C:\Users\PC\Downloads\top100110millionurls\01.txt	1251590
dns-dynamic.net	dns-dynamic.net	C:\Users\PC\Downloads\top100110millionurls\01.txt	1251597
dnsabr.com	dnsabr.com	C:\Users\PC\Downloads\top100110millionurls\01.txt	1251764
dnsalias.com	dnsalias.com	C:\Users\PC\Downloads\top100110millionurls\01.txt	1251769
dnsalias.net	dnsalias.net	C:\Users\PC\Downloads\top100110millionurls\01.txt	1251770
dnsalias.org	dnsalias.org	C:\Users\PC\Downloads\top100110millionurls\01.txt	1251771
dnsdojo.com	dnsdojo.com	C:\Users\PC\Downloads\top100110millionurls\01.txt	1251830
dnsdojo.net	dnsdojo.net	C:\Users\PC\Downloads\top100110millionurls\01.txt	1251831
dnsdojo.org	dnsdojo.org	C:\Users\PC\Downloads\top100110millionurls\01.txt	1251832
dnsfor.me	dnsfor.me	C:\Users\PC\Downloads\top100110millionurls\01.txt	1251872
dnshome.de	dnshome.de	C:\Users\PC\Downloads\top100110millionurls\01.txt	1251904
dnsiskinky.com	dnsiskinky.com	C:\Users\PC\Downloads\top100110millionurls\01.txt	1251932
dnsup.net	dnsup.net	C:\Users\PC\Downloads\top100110millionurls\01.txt	1252078
does-it.net	does-it.net	C:\Users\PC\Downloads\top100110millionurls\01.txt	1253289
doesntexist.com	doesntexist.com	C:\Users\PC\Downloads\top100110millionurls\01.txt	1253298
doesntexist.org	doesntexist.org	C:\Users\PC\Downloads\top100110millionurls\01.txt	1253299
dojin.com	dojin.com	C:\Users\PC\Downloads\top100110millionurls\01.txt	1253744
donetsk.ua	donetsk.ua	C:\Users\PC\Downloads\top100110millionurls\01.txt	1255197
dontexist.com	dontexist.com	C:\Users\PC\Downloads\top100110millionurls\01.txt	1255491
dontexist.net	dontexist.net	C:\Users\PC\Downloads\top100110millionurls\01.txt	1255492
dontexist.org	dontexist.org	C:\Users\PC\Downloads\top100110millionurls\01.txt	1255493
doomdns.com	doomdns.com	C:\Users\PC\Downloads\top100110millionurls\01.txt	1255753
doomdns.org	doomdns.org	C:\Users\PC\Downloads\top100110millionurls\01.txt	1255754
dopaas.com	dopaas.com	C:\Users\PC\Downloads\top100110millionurls\01.txt	1255907
dp.ua	dp.ua	C:\Users\PC\Downloads\top100110millionurls\01.txt	1257935
dr.tr	dr.tr	C:\Users\PC\Downloads\top100110millionurls\01.txt	1258405
drayddns.com	drayddns.com	C:\Users\PC\Downloads\top100110millionurls\01.txt	1259175
dreamhosters.com	dreamhosters.com	C:\Users\PC\Downloads\top100110millionurls\01.txt	1259486
drr.ac	drr.ac	C:\Users\PC\Downloads\top100110millionurls\01.txt	1261681
dscloud.biz	dscloud.biz	C:\Users\PC\Downloads\top100110millionurls\01.txt	1262209
dscloud.me	dscloud.me	C:\Users\PC\Downloads\top100110millionurls\01.txt	1262210
dscloud.mobi	dscloud.mobi	C:\Users\PC\Downloads\top100110millionurls\01.txt	1262211
dsmynas.com	dsmynas.com	C:\Users\PC\Downloads\top100110millionurls\01.txt	1262451
dsmynas.net	dsmynas.net	C:\Users\PC\Downloads\top100110millionurls\01.txt	1262452
dsmynas.org	dsmynas.org	C:\Users\PC\Downloads\top100110millionurls\01.txt	1262453
duckdns.org	duckdns.org	C:\Users\PC\Downloads\top100110millionurls\01.txt	1263444
dvrcam.info	dvrcam.info	C:\Users\PC\Downloads\top100110millionurls\01.txt	1264925
dvrdns.org	dvrdns.org	C:\Users\PC\Downloads\top100110millionurls\01.txt	1264929
dy.fi	dy.fi	C:\Users\PC\Downloads\top100110millionurls\01.txt	1265380
dyn-ip24.de	dyn-ip24.de	C:\Users\PC\Downloads\top100110millionurls\01.txt	1265535
dyn-o-saur.com	dyn-o-saur.com	C:\Users\PC\Downloads\top100110millionurls\01.txt	1265536
dynalias.com	dynalias.com	C:\Users\PC\Downloads\top100110millionurls\01.txt	1265573
dynalias.net	dynalias.net	C:\Users\PC\Downloads\top100110millionurls\01.txt	1265574
dynalias.org	dynalias.org	C:\Users\PC\Downloads\top100110millionurls\01.txt	1265575
dynathome.net	dynathome.net	C:\Users\PC\Downloads\top100110millionurls\01.txt	1265755
dyndns-at-home.com	dyndns-at-home.com	C:\Users\PC\Downloads\top100110millionurls\01.txt	1265781
dyndns-at-work.com	dyndns-at-work.com	C:\Users\PC\Downloads\top100110millionurls\01.txt	1265782
dyndns-blog.com	dyndns-blog.com	C:\Users\PC\Downloads\top100110millionurls\01.txt	1265783
dyndns-free.com	dyndns-free.com	C:\Users\PC\Downloads\top100110millionurls\01.txt	1265784
dyndns-home.com	dyndns-home.com	C:\Users\PC\Downloads\top100110millionurls\01.txt	1265785
dyndns-ip.com	dyndns-ip.com	C:\Users\PC\Downloads\top100110millionurls\01.txt	1265786
dyndns-mail.com	dyndns-mail.com	C:\Users\PC\Downloads\top100110millionurls\01.txt	1265788
dyndns-office.com	dyndns-office.com	C:\Users\PC\Downloads\top100110millionurls\01.txt	1265789
dyndns-pics.com	dyndns-pics.com	C:\Users\PC\Downloads\top100110millionurls\01.txt	1265790
dyndns-remote.com	dyndns-remote.com	C:\Users\PC\Downloads\top100110millionurls\01.txt	1265791
dyndns-server.com	dyndns-server.com	C:\Users\PC\Downloads\top100110millionurls\01.txt	1265792
dyndns-web.com	dyndns-web.com	C:\Users\PC\Downloads\top100110millionurls\01.txt	1265793
dyndns-work.com	dyndns-work.com	C:\Users\PC\Downloads\top100110millionurls\01.txt	1265794
dyndns.biz	dyndns.biz	C:\Users\PC\Downloads\top100110millionurls\01.txt	1265797
dyndns.info	dyndns.info	C:\Users\PC\Downloads\top100110millionurls\01.txt	1265803
dyndns.org	dyndns.org	C:\Users\PC\Downloads\top100110millionurls\01.txt	1265806
dyndns.tv	dyndns.tv	C:\Users\PC\Downloads\top100110millionurls\01.txt	1265808
dyndns.ws	dyndns.ws	C:\Users\PC\Downloads\top100110millionurls\01.txt	1265809
dyndns1.de	dyndns1.de	C:\Users\PC\Downloads\top100110millionurls\01.txt	1265810
dynns.com	dynns.com	C:\Users\PC\Downloads\top100110millionurls\01.txt	1265843
dynserv.org	dynserv.org	C:\Users\PC\Downloads\top100110millionurls\01.txt	1265860
dynu.net	dynu.net	C:\Users\PC\Downloads\top100110millionurls\01.txt	1265877
dynuddns.com	dynuddns.com	C:\Users\PC\Downloads\top100110millionurls\01.txt	1265878
dynuddns.net	dynuddns.net	C:\Users\PC\Downloads\top100110millionurls\01.txt	1265879
dynv6.net	dynv6.net	C:\Users\PC\Downloads\top100110millionurls\01.txt	1265883
east-kazakhstan.su	east-kazakhstan.su	C:\Users\PC\Downloads\top100110millionurls\01.txt	1268412
easypanel.host	easypanel.host	C:\Users\PC\Downloads\top100110millionurls\01.txt	1269225
eating-organic.net	eating-organic.net	C:\Users\PC\Downloads\top100110millionurls\01.txt	1269616
eco.br	eco.br	C:\Users\PC\Downloads\top100110millionurls\01.txt	1271511
ed.ao	ed.ao	C:\Users\PC\Downloads\top100110millionurls\01.txt	1272484
ed.cr	ed.cr	C:\Users\PC\Downloads\top100110millionurls\01.txt	1272486
ed.jp	ed.jp	C:\Users\PC\Downloads\top100110millionurls\01.txt	1272488
edgecompute.app	edgecompute.app	C:\Users\PC\Downloads\top100110millionurls\01.txt	1272990
edgekey-staging.net	edgekey-staging.net	C:\Users\PC\Downloads\top100110millionurls\01.txt	1273032
edgekey.net	edgekey.net	C:\Users\PC\Downloads\top100110millionurls\01.txt	1273034
edgestack.me	edgestack.me	C:\Users\PC\Downloads\top100110millionurls\01.txt	1273090
edgesuite.net	edgesuite.net	C:\Users\PC\Downloads\top100110millionurls\01.txt	1273092
editorx.io	editorx.io	C:\Users\PC\Downloads\top100110millionurls\01.txt	1273469
edu.ru	edu.ru	C:\Users\PC\Downloads\top100110millionurls\01.txt	1273883
edugit.io	edugit.io	C:\Users\PC\Downloads\top100110millionurls\01.txt	1274269
eek.jp	eek.jp	C:\Users\PC\Downloads\top100110millionurls\01.txt	1274728
eero.online	eero.online	C:\Users\PC\Downloads\top100110millionurls\01.txt	1274809
ehime.jp	ehime.jp	C:\Users\PC\Downloads\top100110millionurls\01.txt	1276252
elasticbeanstalk.com	elasticbeanstalk.com	C:\Users\PC\Downloads\top100110millionurls\01.txt	1277691
elblag.pl	elblag.pl	C:\Users\PC\Downloads\top100110millionurls\01.txt	1277793
elementor.cloud	elementor.cloud	C:\Users\PC\Downloads\top100110millionurls\01.txt	1280500
elementor.cool	elementor.cool	C:\Users\PC\Downloads\top100110millionurls\01.txt	1280502
elk.pl	elk.pl	C:\Users\PC\Downloads\top100110millionurls\01.txt	1281484
emilia-romagna.it	emilia-romagna.it	C:\Users\PC\Downloads\top100110millionurls\01.txt	1284118
emp.br	emp.br	C:\Users\PC\Downloads\top100110millionurls\01.txt	1284587
emr.it	emr.it	C:\Users\PC\Downloads\top100110millionurls\01.txt	1285048
en.it	en.it	C:\Users\PC\Downloads\top100110millionurls\01.txt	1285352
encoreapi.com	encoreapi.com	C:\Users\PC\Downloads\top100110millionurls\01.txt	1285664
encr.app	encr.app	C:\Users\PC\Downloads\top100110millionurls\01.txt	1285684
endofinternet.net	endofinternet.net	C:\Users\PC\Downloads\top100110millionurls\01.txt	1285882
endofinternet.org	endofinternet.org	C:\Users\PC\Downloads\top100110millionurls\01.txt	1285883
endoftheinternet.org	endoftheinternet.org	C:\Users\PC\Downloads\top100110millionurls\01.txt	1285888
eng.br	eng.br	C:\Users\PC\Downloads\top100110millionurls\01.txt	1286569
ens.tn	ens.tn	C:\Users\PC\Downloads\top100110millionurls\01.txt	1287678
enscaled.sg	enscaled.sg	C:\Users\PC\Downloads\top100110millionurls\01.txt	1287700
enterprisecloud.nu	enterprisecloud.nu	C:\Users\PC\Downloads\top100110millionurls\01.txt	1288008
es.gov.br	es.gov.br	C:\Users\PC\Downloads\top100110millionurls\01.txt	1291763
es.kr	es.kr	C:\Users\PC\Downloads\top100110millionurls\01.txt	1291766
esp.br	esp.br	C:\Users\PC\Downloads\top100110millionurls\01.txt	1293006
etc.br	etc.br	C:\Users\PC\Downloads\top100110millionurls\01.txt	1294316
eti.br	eti.br	C:\Users\PC\Downloads\top100110millionurls\01.txt	1294810
eu.com	eu.com	C:\Users\PC\Downloads\top100110millionurls\01.txt	1295349
eu.org	eu.org	C:\Users\PC\Downloads\top100110millionurls\01.txt	1295352
eun.eg	eun.eg	C:\Users\PC\Downloads\top100110millionurls\01.txt	1295578
eurodir.ru	eurodir.ru	C:\Users\PC\Downloads\top100110millionurls\01.txt	1295938
exnet.su	exnet.su	C:\Users\PC\Downloads\top100110millionurls\01.txt	1300146
experts-comptables.fr	experts-comptables.fr	C:\Users\PC\Downloads\top100110millionurls\01.txt	1300801
f5.si	f5.si	C:\Users\PC\Downloads\top100110millionurls\01.txt	1303204
familyds.com	familyds.com	C:\Users\PC\Downloads\top100110millionurls\01.txt	1305683
familyds.net	familyds.net	C:\Users\PC\Downloads\top100110millionurls\01.txt	1305684
familyds.org	familyds.org	C:\Users\PC\Downloads\top100110millionurls\01.txt	1305685
fantasyleague.cc	fantasyleague.cc	C:\Users\PC\Downloads\top100110millionurls\01.txt	1306525
far.br	far.br	C:\Users\PC\Downloads\top100110millionurls\01.txt	1306845
fashionstore.jp	fashionstore.jp	C:\Users\PC\Downloads\top100110millionurls\01.txt	1307847
fastly-edge.com	fastly-edge.com	C:\Users\PC\Downloads\top100110millionurls\01.txt	1308480
fastly-terrarium.com	fastly-terrarium.com	C:\Users\PC\Downloads\top100110millionurls\01.txt	1308483
fastlylb.net	fastlylb.net	C:\Users\PC\Downloads\top100110millionurls\01.txt	1308489
fastvps-server.com	fastvps-server.com	C:\Users\PC\Downloads\top100110millionurls\01.txt	1308790
fbxos.fr	fbxos.fr	C:\Users\PC\Downloads\top100110millionurls\01.txt	1309918
fc.it	fc.it	C:\Users\PC\Downloads\top100110millionurls\01.txt	1309962
fe.it	fe.it	C:\Users\PC\Downloads\top100110millionurls\01.txt	1310622
fedorainfracloud.org	fedorainfracloud.org	C:\Users\PC\Downloads\top100110millionurls\01.txt	1310988
fedorapeople.org	fedorapeople.org	C:\Users\PC\Downloads\top100110millionurls\01.txt	1310990
feira.br	feira.br	C:\Users\PC\Downloads\top100110millionurls\01.txt	1311528
fem.jp	fem.jp	C:\Users\PC\Downloads\top100110millionurls\01.txt	1311809
feste-ip.net	feste-ip.net	C:\Users\PC\Downloads\top100110millionurls\01.txt	1312610
fg.it	fg.it	C:\Users\PC\Downloads\top100110millionurls\01.txt	1313329
fh-muenster.io	fh-muenster.io	C:\Users\PC\Downloads\top100110millionurls\01.txt	1313504
fhs.no	fhs.no	C:\Users\PC\Downloads\top100110millionurls\01.txt	1313667
fhsk.se	fhsk.se	C:\Users\PC\Downloads\top100110millionurls\01.txt	1313674
fi.cr	fi.cr	C:\Users\PC\Downloads\top100110millionurls\01.txt	1313713
fi.it	fi.it	C:\Users\PC\Downloads\top100110millionurls\01.txt	1313715
filegear-sg.me	filegear-sg.me	C:\Users\PC\Downloads\top100110millionurls\01.txt	1314916
filegear.me	filegear.me	C:\Users\PC\Downloads\top100110millionurls\01.txt	1314917
fin.ec	fin.ec	C:\Users\PC\Downloads\top100110millionurls\01.txt	1316239
firebaseapp.com	firebaseapp.com	C:\Users\PC\Downloads\top100110millionurls\01.txt	1318174
firenze.it	firenze.it	C:\Users\PC\Downloads\top100110millionurls\01.txt	1318379
firewall-gateway.com	firewall-gateway.com	C:\Users\PC\Downloads\top100110millionurls\01.txt	1318485
firewall-gateway.de	firewall-gateway.de	C:\Users\PC\Downloads\top100110millionurls\01.txt	1318486
firewall-gateway.net	firewall-gateway.net	C:\Users\PC\Downloads\top100110millionurls\01.txt	1318487
firewalledreplit.co	firewalledreplit.co	C:\Users\PC\Downloads\top100110millionurls\01.txt	1318496
firm.in	firm.in	C:\Users\PC\Downloads\top100110millionurls\01.txt	1318547
fj.cn	fj.cn	C:\Users\PC\Downloads\top100110millionurls\01.txt	1320296
fl.us	fl.us	C:\Users\PC\Downloads\top100110millionurls\01.txt	1320531
flog.br	flog.br	C:\Users\PC\Downloads\top100110millionurls\01.txt	1322620
flop.jp	flop.jp	C:\Users\PC\Downloads\top100110millionurls\01.txt	1322730
floripa.br	floripa.br	C:\Users\PC\Downloads\top100110millionurls\01.txt	1322963
flutterflow.app	flutterflow.app	C:\Users\PC\Downloads\top100110millionurls\01.txt	1323632
fly.dev	fly.dev	C:\Users\PC\Downloads\top100110millionurls\01.txt	1323794
fm.br	fm.br	C:\Users\PC\Downloads\top100110millionurls\01.txt	1324282
fm.it	fm.it	C:\Users\PC\Downloads\top100110millionurls\01.txt	1324287
foggia.it	foggia.it	C:\Users\PC\Downloads\top100110millionurls\01.txt	1325213
fool.jp	fool.jp	C:\Users\PC\Downloads\top100110millionurls\01.txt	1326390
for-better.biz	for-better.biz	C:\Users\PC\Downloads\top100110millionurls\01.txt	1326811
for-more.biz	for-more.biz	C:\Users\PC\Downloads\top100110millionurls\01.txt	1326818
for-our.info	for-our.info	C:\Users\PC\Downloads\top100110millionurls\01.txt	1326819
for-the.biz	for-the.biz	C:\Users\PC\Downloads\top100110millionurls\01.txt	1326827
forgeblocks.com	forgeblocks.com	C:\Users\PC\Downloads\top100110millionurls\01.txt	1327515
forumz.info	forumz.info	C:\Users\PC\Downloads\top100110millionurls\01.txt	1328833
fot.br	fot.br	C:\Users\PC\Downloads\top100110millionurls\01.txt	1329038
foz.br	foz.br	C:\Users\PC\Downloads\top100110millionurls\01.txt	1329927
fr.it	fr.it	C:\Users\PC\Downloads\top100110millionurls\01.txt	1330247
framer.ai	framer.ai	C:\Users\PC\Downloads\top100110millionurls\01.txt	1330483
framer.app	framer.app	C:\Users\PC\Downloads\top100110millionurls\01.txt	1330484
framer.website	framer.website	C:\Users\PC\Downloads\top100110millionurls\01.txt	1330488
framer.wiki	framer.wiki	C:\Users\PC\Downloads\top100110millionurls\01.txt	1330489
framercanvas.com	framercanvas.com	C:\Users\PC\Downloads\top100110millionurls\01.txt	1330492
freeboxos.fr	freeboxos.fr	C:\Users\PC\Downloads\top100110millionurls\01.txt	1331703
freeddns.org	freeddns.org	C:\Users\PC\Downloads\top100110millionurls\01.txt	1331830
freeddns.us	freeddns.us	C:\Users\PC\Downloads\top100110millionurls\01.txt	1331832
freedesktop.org	freedesktop.org	C:\Users\PC\Downloads\top100110millionurls\01.txt	1331843
freemyip.com	freemyip.com	C:\Users\PC\Downloads\top100110millionurls\01.txt	1332415
freesite.host	freesite.host	C:\Users\PC\Downloads\top100110millionurls\01.txt	1332800
from-ak.com	from-ak.com	C:\Users\PC\Downloads\top100110millionurls\01.txt	1337505
from-al.com	from-al.com	C:\Users\PC\Downloads\top100110millionurls\01.txt	1337506
from-ar.com	from-ar.com	C:\Users\PC\Downloads\top100110millionurls\01.txt	1337507
from-ca.com	from-ca.com	C:\Users\PC\Downloads\top100110millionurls\01.txt	1337508
from-co.net	from-co.net	C:\Users\PC\Downloads\top100110millionurls\01.txt	1337509
from-ct.com	from-ct.com	C:\Users\PC\Downloads\top100110millionurls\01.txt	1337510
from-dc.com	from-dc.com	C:\Users\PC\Downloads\top100110millionurls\01.txt	1337511
from-de.com	from-de.com	C:\Users\PC\Downloads\top100110millionurls\01.txt	1337512
from-fl.com	from-fl.com	C:\Users\PC\Downloads\top100110millionurls\01.txt	1337514
from-ga.com	from-ga.com	C:\Users\PC\Downloads\top100110millionurls\01.txt	1337515
from-hi.com	from-hi.com	C:\Users\PC\Downloads\top100110millionurls\01.txt	1337517
from-id.com	from-id.com	C:\Users\PC\Downloads\top100110millionurls\01.txt	1337519
from-il.com	from-il.com	C:\Users\PC\Downloads\top100110millionurls\01.txt	1337520
from-in.com	from-in.com	C:\Users\PC\Downloads\top100110millionurls\01.txt	1337521
from-ks.com	from-ks.com	C:\Users\PC\Downloads\top100110millionurls\01.txt	1337522
from-ky.com	from-ky.com	C:\Users\PC\Downloads\top100110millionurls\01.txt	1337523
from-la.net	from-la.net	C:\Users\PC\Downloads\top100110millionurls\01.txt	1337524
from-ma.com	from-ma.com	C:\Users\PC\Downloads\top100110millionurls\01.txt	1337526
from-md.com	from-md.com	C:\Users\PC\Downloads\top100110millionurls\01.txt	1337527
from-me.org	from-me.org	C:\Users\PC\Downloads\top100110millionurls\01.txt	1337528
from-mi.com	from-mi.com	C:\Users\PC\Downloads\top100110millionurls\01.txt	1337529
from-mt.com	from-mt.com	C:\Users\PC\Downloads\top100110millionurls\01.txt	1337530
from-nc.com	from-nc.com	C:\Users\PC\Downloads\top100110millionurls\01.txt	1337531
from-ne.com	from-ne.com	C:\Users\PC\Downloads\top100110millionurls\01.txt	1337532
from-nh.com	from-nh.com	C:\Users\PC\Downloads\top100110millionurls\01.txt	1337533
from-nj.com	from-nj.com	C:\Users\PC\Downloads\top100110millionurls\01.txt	1337534
from-nm.com	from-nm.com	C:\Users\PC\Downloads\top100110millionurls\01.txt	1337535
from-nv.com	from-nv.com	C:\Users\PC\Downloads\top100110millionurls\01.txt	1337536
from-ny.net	from-ny.net	C:\Users\PC\Downloads\top100110millionurls\01.txt	1337537
from-oh.com	from-oh.com	C:\Users\PC\Downloads\top100110millionurls\01.txt	1337538
from-ok.com	from-ok.com	C:\Users\PC\Downloads\top100110millionurls\01.txt	1337539
from-pa.com	from-pa.com	C:\Users\PC\Downloads\top100110millionurls\01.txt	1337540
from-pr.com	from-pr.com	C:\Users\PC\Downloads\top100110millionurls\01.txt	1337541
from-ri.com	from-ri.com	C:\Users\PC\Downloads\top100110millionurls\01.txt	1337543
from-sc.com	from-sc.com	C:\Users\PC\Downloads\top100110millionurls\01.txt	1337544
from-sd.com	from-sd.com	C:\Users\PC\Downloads\top100110millionurls\01.txt	1337545
from-tn.com	from-tn.com	C:\Users\PC\Downloads\top100110millionurls\01.txt	1337547
from-tx.com	from-tx.com	C:\Users\PC\Downloads\top100110millionurls\01.txt	1337548
from-ut.com	from-ut.com	C:\Users\PC\Downloads\top100110millionurls\01.txt	1337552
from-va.com	from-va.com	C:\Users\PC\Downloads\top100110millionurls\01.txt	1337553
from-vt.com	from-vt.com	C:\Users\PC\Downloads\top100110millionurls\01.txt	1337554
from-wa.com	from-wa.com	C:\Users\PC\Downloads\top100110millionurls\01.txt	1337555
from-wi.com	from-wi.com	C:\Users\PC\Downloads\top100110millionurls\01.txt	1337556
from.hr	from.hr	C:\Users\PC\Downloads\top100110millionurls\01.txt	1337557
from.tv	from.tv	C:\Users\PC\Downloads\top100110millionurls\01.txt	1337560
fst.br	fst.br	C:\Users\PC\Downloads\top100110millionurls\01.txt	1338575
ftpaccess.cc	ftpaccess.cc	C:\Users\PC\Downloads\top100110millionurls\01.txt	1338842
fuettertdasnetz.de	fuettertdasnetz.de	C:\Users\PC\Downloads\top100110millionurls\01.txt	1339314
fukui.jp	fukui.jp	C:\Users\PC\Downloads\top100110millionurls\01.txt	1339510
fukuoka.jp	fukuoka.jp	C:\Users\PC\Downloads\top100110millionurls\01.txt	1339517
fukushima.jp	fukushima.jp	C:\Users\PC\Downloads\top100110millionurls\01.txt	1339524
futuremailing.at	futuremailing.at	C:\Users\PC\Downloads\top100110millionurls\01.txt	1341715
fvg.it	fvg.it	C:\Users\PC\Downloads\top100110millionurls\01.txt	1341983
g12.br	g12.br	C:\Users\PC\Downloads\top100110millionurls\01.txt	1342923
ga.us	ga.us	C:\Users\PC\Downloads\top100110millionurls\01.txt	1343302
gadget.app	gadget.app	C:\Users\PC\Downloads\top100110millionurls\01.txt	1343561
game-host.org	game-host.org	C:\Users\PC\Downloads\top100110millionurls\01.txt	1345131
game-server.cc	game-server.cc	C:\Users\PC\Downloads\top100110millionurls\01.txt	1345170
game.tw	game.tw	C:\Users\PC\Downloads\top100110millionurls\01.txt	1345211
gb.net	gb.net	C:\Users\PC\Downloads\top100110millionurls\01.txt	1349381
gc.ca	gc.ca	C:\Users\PC\Downloads\top100110millionurls\01.txt	1349727
gd.cn	gd.cn	C:\Users\PC\Downloads\top100110millionurls\01.txt	1350080
gda.pl	gda.pl	C:\Users\PC\Downloads\top100110millionurls\01.txt	1350110
gdansk.pl	gdansk.pl	C:\Users\PC\Downloads\top100110millionurls\01.txt	1350120
gdynia.pl	gdynia.pl	C:\Users\PC\Downloads\top100110millionurls\01.txt	1350488
ge.it	ge.it	C:\Users\PC\Downloads\top100110millionurls\01.txt	1350545
geek.nz	geek.nz	C:\Users\PC\Downloads\top100110millionurls\01.txt	1350879
geekgalaxy.com	geekgalaxy.com	C:\Users\PC\Downloads\top100110millionurls\01.txt	1350931
gen.in	gen.in	C:\Users\PC\Downloads\top100110millionurls\01.txt	1351725
gen.nz	gen.nz	C:\Users\PC\Downloads\top100110millionurls\01.txt	1351726
gen.tr	gen.tr	C:\Users\PC\Downloads\top100110millionurls\01.txt	1351727
genova.it	genova.it	C:\Users\PC\Downloads\top100110millionurls\01.txt	1352444
gentapps.com	gentapps.com	C:\Users\PC\Downloads\top100110millionurls\01.txt	1352525
georgia.su	georgia.su	C:\Users\PC\Downloads\top100110millionurls\01.txt	1353090
getmyip.com	getmyip.com	C:\Users\PC\Downloads\top100110millionurls\01.txt	1355012
gets-it.net	gets-it.net	C:\Users\PC\Downloads\top100110millionurls\01.txt	1355330
ggff.net	ggff.net	C:\Users\PC\Downloads\top100110millionurls\01.txt	1356821
gifu.jp	gifu.jp	C:\Users\PC\Downloads\top100110millionurls\01.txt	1358166
giize.com	giize.com	C:\Users\PC\Downloads\top100110millionurls\01.txt	1358511
girly.jp	girly.jp	C:\Users\PC\Downloads\top100110millionurls\01.txt	1359234
git-repos.de	git-repos.de	C:\Users\PC\Downloads\top100110millionurls\01.txt	1359384
gitapp.si	gitapp.si	C:\Users\PC\Downloads\top100110millionurls\01.txt	1359404
gitbook.io	gitbook.io	C:\Users\PC\Downloads\top100110millionurls\01.txt	1359416
github.io	github.io	C:\Users\PC\Downloads\top100110millionurls\01.txt	1359478
githubpreview.dev	githubpreview.dev	C:\Users\PC\Downloads\top100110millionurls\01.txt	1359507
githubusercontent.com	githubusercontent.com	C:\Users\PC\Downloads\top100110millionurls\01.txt	1359515
gitlab.io	gitlab.io	C:\Users\PC\Downloads\top100110millionurls\01.txt	1359542
gitpage.si	gitpage.si	C:\Users\PC\Downloads\top100110millionurls\01.txt	1359568
gkp.pk	gkp.pk	C:\Users\PC\Downloads\top100110millionurls\01.txt	1360020
gleeze.com	gleeze.com	C:\Users\PC\Downloads\top100110millionurls\01.txt	1360645
gliwice.pl	gliwice.pl	C:\Users\PC\Downloads\top100110millionurls\01.txt	1360893
glogow.pl	glogow.pl	C:\Users\PC\Downloads\top100110millionurls\01.txt	1362115
gmina.pl	gmina.pl	C:\Users\PC\Downloads\top100110millionurls\01.txt	1362925
gniezno.pl	gniezno.pl	C:\Users\PC\Downloads\top100110millionurls\01.txt	1363472
go.cr	go.cr	C:\Users\PC\Downloads\top100110millionurls\01.txt	1363948
go.gov.br	go.gov.br	C:\Users\PC\Downloads\top100110millionurls\01.txt	1363950
go.id	go.id	C:\Users\PC\Downloads\top100110millionurls\01.txt	1363953
go.it	go.it	C:\Users\PC\Downloads\top100110millionurls\01.txt	1363954
go.jp	go.jp	C:\Users\PC\Downloads\top100110millionurls\01.txt	1363955
go.ke	go.ke	C:\Users\PC\Downloads\top100110millionurls\01.txt	1363956
go.kr	go.kr	C:\Users\PC\Downloads\top100110millionurls\01.txt	1363957
go.th	go.th	C:\Users\PC\Downloads\top100110millionurls\01.txt	1363967
go.tz	go.tz	C:\Users\PC\Downloads\top100110millionurls\01.txt	1363968
go.ug	go.ug	C:\Users\PC\Downloads\top100110millionurls\01.txt	1363969
goiania.br	goiania.br	C:\Users\PC\Downloads\top100110millionurls\01.txt	1365675
goip.de	goip.de	C:\Users\PC\Downloads\top100110millionurls\01.txt	1365759
gok.pk	gok.pk	C:\Users\PC\Downloads\top100110millionurls\01.txt	1365809
golffan.us	golffan.us	C:\Users\PC\Downloads\top100110millionurls\01.txt	1367274
googleapis.com	googleapis.com	C:\Users\PC\Downloads\top100110millionurls\01.txt	1368954
googlecode.com	googlecode.com	C:\Users\PC\Downloads\top100110millionurls\01.txt	1368994
gop.pk	gop.pk	C:\Users\PC\Downloads\top100110millionurls\01.txt	1369319
gorizia.it	gorizia.it	C:\Users\PC\Downloads\top100110millionurls\01.txt	1369736
gorlice.pl	gorlice.pl	C:\Users\PC\Downloads\top100110millionurls\01.txt	1369751
gos.pk	gos.pk	C:\Users\PC\Downloads\top100110millionurls\01.txt	1369858
gotdns.ch	gotdns.ch	C:\Users\PC\Downloads\top100110millionurls\01.txt	1370262
gotdns.com	gotdns.com	C:\Users\PC\Downloads\top100110millionurls\01.txt	1370263
gotdns.org	gotdns.org	C:\Users\PC\Downloads\top100110millionurls\01.txt	1370264
goupile.fr	goupile.fr	C:\Users\PC\Downloads\top100110millionurls\01.txt	1370654
gouv.ci	gouv.ci	C:\Users\PC\Downloads\top100110millionurls\01.txt	1370705
gouv.fr	gouv.fr	C:\Users\PC\Downloads\top100110millionurls\01.txt	1370707
gouv.ht	gouv.ht	C:\Users\PC\Downloads\top100110millionurls\01.txt	1370709
gouv.ml	gouv.ml	C:\Users\PC\Downloads\top100110millionurls\01.txt	1370711
gouv.sn	gouv.sn	C:\Users\PC\Downloads\top100110millionurls\01.txt	1370714
gov.br	gov.br	C:\Users\PC\Downloads\top100110millionurls\01.txt	1370748
gov.il	gov.il	C:\Users\PC\Downloads\top100110millionurls\01.txt	1370751
gov.kz	gov.kz	C:\Users\PC\Downloads\top100110millionurls\01.txt	1370753
gov.pl	gov.pl	C:\Users\PC\Downloads\top100110millionurls\01.txt	1370756
gov.ru	gov.ru	C:\Users\PC\Downloads\top100110millionurls\01.txt	1370758
gov.sg	gov.sg	C:\Users\PC\Downloads\top100110millionurls\01.txt	1370759
gov.tw	gov.tw	C:\Users\PC\Downloads\top100110millionurls\01.txt	1370761
gov.uk	gov.uk	C:\Users\PC\Downloads\top100110millionurls\01.txt	1370762
govt.nz	govt.nz	C:\Users\PC\Downloads\top100110millionurls\01.txt	1370968
gr.com	gr.com	C:\Users\PC\Downloads\top100110millionurls\01.txt	1371817
gr.it	gr.it	C:\Users\PC\Downloads\top100110millionurls\01.txt	1371818
gr.jp	gr.jp	C:\Users\PC\Downloads\top100110millionurls\01.txt	1371819
grafana-dev.net	grafana-dev.net	C:\Users\PC\Downloads\top100110millionurls\01.txt	1372108
grajewo.pl	grajewo.pl	C:\Users\PC\Downloads\top100110millionurls\01.txt	1372243
greater.jp	greater.jp	C:\Users\PC\Downloads\top100110millionurls\01.txt	1373654
greta.fr	greta.fr	C:\Users\PC\Downloads\top100110millionurls\01.txt	1374900
grosseto.it	grosseto.it	C:\Users\PC\Downloads\top100110millionurls\01.txt	1375693
grozny.ru	grozny.ru	C:\Users\PC\Downloads\top100110millionurls\01.txt	1376366
grozny.su	grozny.su	C:\Users\PC\Downloads\top100110millionurls\01.txt	1376367
gru.br	gru.br	C:\Users\PC\Downloads\top100110millionurls\01.txt	1376437
gs.cn	gs.cn	C:\Users\PC\Downloads\top100110millionurls\01.txt	1377192
gsj.bz	gsj.bz	C:\Users\PC\Downloads\top100110millionurls\01.txt	1377434
gsm.pl	gsm.pl	C:\Users\PC\Downloads\top100110millionurls\01.txt	1377493
gub.uy	gub.uy	C:\Users\PC\Downloads\top100110millionurls\01.txt	1378648
gunma.jp	gunma.jp	C:\Users\PC\Downloads\top100110millionurls\01.txt	1379630
gv.ao	gv.ao	C:\Users\PC\Downloads\top100110millionurls\01.txt	1380180
gv.at	gv.at	C:\Users\PC\Downloads\top100110millionurls\01.txt	1380181
gv.vc	gv.vc	C:\Users\PC\Downloads\top100110millionurls\01.txt	1380185
gx.cn	gx.cn	C:\Users\PC\Downloads\top100110millionurls\01.txt	1380526
gz.cn	gz.cn	C:\Users\PC\Downloads\top100110millionurls\01.txt	1380959
ha.cn	ha.cn	C:\Users\PC\Downloads\top100110millionurls\01.txt	1381573
hacca.jp	hacca.jp	C:\Users\PC\Downloads\top100110millionurls\01.txt	1381858
hackclub.app	hackclub.app	C:\Users\PC\Downloads\top100110millionurls\01.txt	1381935
halfmoon.jp	halfmoon.jp	C:\Users\PC\Downloads\top100110millionurls\01.txt	1383004
ham-radio-op.net	ham-radio-op.net	C:\Users\PC\Downloads\top100110millionurls\01.txt	1383336
handcrafted.jp	handcrafted.jp	C:\Users\PC\Downloads\top100110millionurls\01.txt	1383867
hanoi.vn	hanoi.vn	C:\Users\PC\Downloads\top100110millionurls\01.txt	1384305
hasura.app	hasura.app	C:\Users\PC\Downloads\top100110millionurls\01.txt	1386333
hateblo.jp	hateblo.jp	C:\Users\PC\Downloads\top100110millionurls\01.txt	1386394
hatenablog.com	hatenablog.com	C:\Users\PC\Downloads\top100110millionurls\01.txt	1386409
hatenablog.jp	hatenablog.jp	C:\Users\PC\Downloads\top100110millionurls\01.txt	1386410
hatenadiary.com	hatenadiary.com	C:\Users\PC\Downloads\top100110millionurls\01.txt	1386412
hatenadiary.jp	hatenadiary.jp	C:\Users\PC\Downloads\top100110millionurls\01.txt	1386413
hatenadiary.org	hatenadiary.org	C:\Users\PC\Downloads\top100110millionurls\01.txt	1386414
hb.cn	hb.cn	C:\Users\PC\Downloads\top100110millionurls\01.txt	1387223
he.cn	he.cn	C:\Users\PC\Downloads\top100110millionurls\01.txt	1389214
health.nz	health.nz	C:\Users\PC\Downloads\top100110millionurls\01.txt	1389465
heavy.jp	heavy.jp	C:\Users\PC\Downloads\top100110millionurls\01.txt	1390512
helioho.st	helioho.st	C:\Users\PC\Downloads\top100110millionurls\01.txt	1391263
heliohost.us	heliohost.us	C:\Users\PC\Downloads\top100110millionurls\01.txt	1391265
hepforge.org	hepforge.org	C:\Users\PC\Downloads\top100110millionurls\01.txt	1393112
her.jp	her.jp	C:\Users\PC\Downloads\top100110millionurls\01.txt	1393159
here-for-more.info	here-for-more.info	C:\Users\PC\Downloads\top100110millionurls\01.txt	1393335
herokuapp.com	herokuapp.com	C:\Users\PC\Downloads\top100110millionurls\01.txt	1393656
heteml.net	heteml.net	C:\Users\PC\Downloads\top100110millionurls\01.txt	1393994
hf.space	hf.space	C:\Users\PC\Downloads\top100110millionurls\01.txt	1394555
hi.cn	hi.cn	C:\Users\PC\Downloads\top100110millionurls\01.txt	1395221
hi.us	hi.us	C:\Users\PC\Downloads\top100110millionurls\01.txt	1395236
hicam.net	hicam.net	C:\Users\PC\Downloads\top100110millionurls\01.txt	1395392
hiho.jp	hiho.jp	C:\Users\PC\Downloads\top100110millionurls\01.txt	1396301
hippy.jp	hippy.jp	C:\Users\PC\Downloads\top100110millionurls\01.txt	1397271
hiroshima.jp	hiroshima.jp	C:\Users\PC\Downloads\top100110millionurls\01.txt	1397461
hk.cn	hk.cn	C:\Users\PC\Downloads\top100110millionurls\01.txt	1398512
hk.com	hk.com	C:\Users\PC\Downloads\top100110millionurls\01.txt	1398513
hl.cn	hl.cn	C:\Users\PC\Downloads\top100110millionurls\01.txt	1398857
hluttaw.mm	hluttaw.mm	C:\Users\PC\Downloads\top100110millionurls\01.txt	1399253
hlx.live	hlx.live	C:\Users\PC\Downloads\top100110millionurls\01.txt	1399270
hlx.page	hlx.page	C:\Users\PC\Downloads\top100110millionurls\01.txt	1399271
hn.cn	hn.cn	C:\Users\PC\Downloads\top100110millionurls\01.txt	1399577
hobby-site.com	hobby-site.com	C:\Users\PC\Downloads\top100110millionurls\01.txt	1400017
hobby-site.org	hobby-site.org	C:\Users\PC\Downloads\top100110millionurls\01.txt	1400018
hokkaido.jp	hokkaido.jp	C:\Users\PC\Downloads\top100110millionurls\01.txt	1400609
holy.jp	holy.jp	C:\Users\PC\Downloads\top100110millionurls\01.txt	1401199
home-webserver.de	home-webserver.de	C:\Users\PC\Downloads\top100110millionurls\01.txt	1401380
home64.de	home64.de	C:\Users\PC\Downloads\top100110millionurls\01.txt	1401435
homedns.org	homedns.org	C:\Users\PC\Downloads\top100110millionurls\01.txt	1401659
homeftp.net	homeftp.net	C:\Users\PC\Downloads\top100110millionurls\01.txt	1401702
homeftp.org	homeftp.org	C:\Users\PC\Downloads\top100110millionurls\01.txt	1401703
homeip.net	homeip.net	C:\Users\PC\Downloads\top100110millionurls\01.txt	1401779
homelinux.com	homelinux.com	C:\Users\PC\Downloads\top100110millionurls\01.txt	1401821
homelinux.net	homelinux.net	C:\Users\PC\Downloads\top100110millionurls\01.txt	1401822
homelinux.org	homelinux.org	C:\Users\PC\Downloads\top100110millionurls\01.txt	1401823
homesecuritymac.com	homesecuritymac.com	C:\Users\PC\Downloads\top100110millionurls\01.txt	1402059
homesecuritypc.com	homesecuritypc.com	C:\Users\PC\Downloads\top100110millionurls\01.txt	1402060
homesklep.pl	homesklep.pl	C:\Users\PC\Downloads\top100110millionurls\01.txt	1402102
homeunix.com	homeunix.com	C:\Users\PC\Downloads\top100110millionurls\01.txt	1402243
homeunix.net	homeunix.net	C:\Users\PC\Downloads\top100110millionurls\01.txt	1402244
homeunix.org	homeunix.org	C:\Users\PC\Downloads\top100110millionurls\01.txt	1402245
hoplix.shop	hoplix.shop	C:\Users\PC\Downloads\top100110millionurls\01.txt	1403296
hopto.me	hopto.me	C:\Users\PC\Downloads\top100110millionurls\01.txt	1403350
hopto.org	hopto.org	C:\Users\PC\Downloads\top100110millionurls\01.txt	1403351
hosting-cluster.nl	hosting-cluster.nl	C:\Users\PC\Downloads\top100110millionurls\01.txt	1404484
hotelwithflight.com	hotelwithflight.com	C:\Users\PC\Downloads\top100110millionurls\01.txt	1405719
hra.health	hra.health	C:\Users\PC\Downloads\top100110millionurls\01.txt	1407615
hs.kr	hs.kr	C:\Users\PC\Downloads\top100110millionurls\01.txt	1408042
hstgr.cloud	hstgr.cloud	C:\Users\PC\Downloads\top100110millionurls\01.txt	1408465
httpbin.org	httpbin.org	C:\Users\PC\Downloads\top100110millionurls\01.txt	1408875
hu.net	hu.net	C:\Users\PC\Downloads\top100110millionurls\01.txt	1409007
huissier-justice.fr	huissier-justice.fr	C:\Users\PC\Downloads\top100110millionurls\01.txt	1410188
hungry.jp	hungry.jp	C:\Users\PC\Downloads\top100110millionurls\01.txt	1410841
hyogo.jp	hyogo.jp	C:\Users\PC\Downloads\top100110millionurls\01.txt	1412450
hypernode.io	hypernode.io	C:\Users\PC\Downloads\top100110millionurls\01.txt	1412690
hzc.io	hzc.io	C:\Users\PC\Downloads\top100110millionurls\01.txt	1413086
i.ng	i.ng	C:\Users\PC\Downloads\top100110millionurls\01.txt	1413587
i234.me	i234.me	C:\Users\PC\Downloads\top100110millionurls\01.txt	1413668
ia.us	ia.us	C:\Users\PC\Downloads\top100110millionurls\01.txt	1413934
iamallama.com	iamallama.com	C:\Users\PC\Downloads\top100110millionurls\01.txt	1414155
ibaraki.jp	ibaraki.jp	C:\Users\PC\Downloads\top100110millionurls\01.txt	1414585
ibxos.it	ibxos.it	C:\Users\PC\Downloads\top100110millionurls\01.txt	1415271
icp0.io	icp0.io	C:\Users\PC\Downloads\top100110millionurls\01.txt	1416632
id.au	id.au	C:\Users\PC\Downloads\top100110millionurls\01.txt	1416957
id.ir	id.ir	C:\Users\PC\Downloads\top100110millionurls\01.txt	1416966
id.lv	id.lv	C:\Users\PC\Downloads\top100110millionurls\01.txt	1416968
id.us	id.us	C:\Users\PC\Downloads\top100110millionurls\01.txt	1416978
id.vn	id.vn	C:\Users\PC\Downloads\top100110millionurls\01.txt	1416980
idf.il	idf.il	C:\Users\PC\Downloads\top100110millionurls\01.txt	1417741
idv.hk	idv.hk	C:\Users\PC\Downloads\top100110millionurls\01.txt	1418439
idv.tw	idv.tw	C:\Users\PC\Downloads\top100110millionurls\01.txt	1418440
if.ua	if.ua	C:\Users\PC\Downloads\top100110millionurls\01.txt	1418888
iki.fi	iki.fi	C:\Users\PC\Downloads\top100110millionurls\01.txt	1421283
il.us	il.us	C:\Users\PC\Downloads\top100110millionurls\01.txt	1421513
ilawa.pl	ilawa.pl	C:\Users\PC\Downloads\top100110millionurls\01.txt	1421577
iliadboxos.it	iliadboxos.it	C:\Users\PC\Downloads\top100110millionurls\01.txt	1421778
ilovecollege.info	ilovecollege.info	C:\Users\PC\Downloads\top100110millionurls\01.txt	1422171
im.it	im.it	C:\Users\PC\Downloads\top100110millionurls\01.txt	1422474
imb.br	imb.br	C:\Users\PC\Downloads\top100110millionurls\01.txt	1423119
imperia.it	imperia.it	C:\Users\PC\Downloads\top100110millionurls\01.txt	1424747
in-addr.arpa	in-addr.arpa	C:\Users\PC\Downloads\top100110millionurls\01.txt	1425372
in-berlin.de	in-berlin.de	C:\Users\PC\Downloads\top100110millionurls\01.txt	1425380
in.net	in.net	C:\Users\PC\Downloads\top100110millionurls\01.txt	1425461
in.rs	in.rs	C:\Users\PC\Downloads\top100110millionurls\01.txt	1425464
in.th	in.th	C:\Users\PC\Downloads\top100110millionurls\01.txt	1425466
in.ua	in.ua	C:\Users\PC\Downloads\top100110millionurls\01.txt	1425467
in.us	in.us	C:\Users\PC\Downloads\top100110millionurls\01.txt	1425468
ind.br	ind.br	C:\Users\PC\Downloads\top100110millionurls\01.txt	1426287
ind.in	ind.in	C:\Users\PC\Downloads\top100110millionurls\01.txt	1426288
inf.br	inf.br	C:\Users\PC\Downloads\top100110millionurls\01.txt	1427971
inf.ua	inf.ua	C:\Users\PC\Downloads\top100110millionurls\01.txt	1427977
info.az	info.az	C:\Users\PC\Downloads\top100110millionurls\01.txt	1428614
info.bd	info.bd	C:\Users\PC\Downloads\top100110millionurls\01.txt	1428615
info.bo	info.bo	C:\Users\PC\Downloads\top100110millionurls\01.txt	1428616
info.ec	info.ec	C:\Users\PC\Downloads\top100110millionurls\01.txt	1428623
info.hu	info.hu	C:\Users\PC\Downloads\top100110millionurls\01.txt	1428627
info.ke	info.ke	C:\Users\PC\Downloads\top100110millionurls\01.txt	1428628
info.np	info.np	C:\Users\PC\Downloads\top100110millionurls\01.txt	1428631
info.pl	info.pl	C:\Users\PC\Downloads\top100110millionurls\01.txt	1428632
info.ro	info.ro	C:\Users\PC\Downloads\top100110millionurls\01.txt	1428633
info.tn	info.tn	C:\Users\PC\Downloads\top100110millionurls\01.txt	1428637
info.tr	info.tr	C:\Users\PC\Downloads\top100110millionurls\01.txt	1428638
info.ve	info.ve	C:\Users\PC\Downloads\top100110millionurls\01.txt	1428639
info.vn	info.vn	C:\Users\PC\Downloads\top100110millionurls\01.txt	1428640
ingatlan.hu	ingatlan.hu	C:\Users\PC\Downloads\top100110millionurls\01.txt	1430224
int.in	int.in	C:\Users\PC\Downloads\top100110millionurls\01.txt	1433611
int.la	int.la	C:\Users\PC\Downloads\top100110millionurls\01.txt	1433612
io.in	io.in	C:\Users\PC\Downloads\top100110millionurls\01.txt	1437647
io.vn	io.vn	C:\Users\PC\Downloads\top100110millionurls\01.txt	1437660
iobb.net	iobb.net	C:\Users\PC\Downloads\top100110millionurls\01.txt	1437685
iopsys.se	iopsys.se	C:\Users\PC\Downloads\top100110millionurls\01.txt	1438000
ip6.arpa	ip6.arpa	C:\Users\PC\Downloads\top100110millionurls\01.txt	1439137
ipv64.de	ipv64.de	C:\Users\PC\Downloads\top100110millionurls\01.txt	1440683
ipv64.net	ipv64.net	C:\Users\PC\Downloads\top100110millionurls\01.txt	1440684
is-a-blogger.com	is-a-blogger.com	C:\Users\PC\Downloads\top100110millionurls\01.txt	1442507
is-a-bruinsfan.org	is-a-bruinsfan.org	C:\Users\PC\Downloads\top100110millionurls\01.txt	1442508
is-a-chef.com	is-a-chef.com	C:\Users\PC\Downloads\top100110millionurls\01.txt	1442509
is-a-chef.net	is-a-chef.net	C:\Users\PC\Downloads\top100110millionurls\01.txt	1442510
is-a-chef.org	is-a-chef.org	C:\Users\PC\Downloads\top100110millionurls\01.txt	1442511
is-a-cpa.com	is-a-cpa.com	C:\Users\PC\Downloads\top100110millionurls\01.txt	1442512
is-a-doctor.com	is-a-doctor.com	C:\Users\PC\Downloads\top100110millionurls\01.txt	1442513
is-a-financialadvisor.com	is-a-financialadvisor.com	C:\Users\PC\Downloads\top100110millionurls\01.txt	1442514
is-a-geek.com	is-a-geek.com	C:\Users\PC\Downloads\top100110millionurls\01.txt	1442515
is-a-geek.net	is-a-geek.net	C:\Users\PC\Downloads\top100110millionurls\01.txt	1442516
is-a-geek.org	is-a-geek.org	C:\Users\PC\Downloads\top100110millionurls\01.txt	1442517
is-a-guru.com	is-a-guru.com	C:\Users\PC\Downloads\top100110millionurls\01.txt	1442518
is-a-hard-worker.com	is-a-hard-worker.com	C:\Users\PC\Downloads\top100110millionurls\01.txt	1442519
is-a-landscaper.com	is-a-landscaper.com	C:\Users\PC\Downloads\top100110millionurls\01.txt	1442520
is-a-liberal.com	is-a-liberal.com	C:\Users\PC\Downloads\top100110millionurls\01.txt	1442521
is-a-player.com	is-a-player.com	C:\Users\PC\Downloads\top100110millionurls\01.txt	1442522
is-a-rockstar.com	is-a-rockstar.com	C:\Users\PC\Downloads\top100110millionurls\01.txt	1442523
is-a-socialist.com	is-a-socialist.com	C:\Users\PC\Downloads\top100110millionurls\01.txt	1442524
is-a-teacher.com	is-a-teacher.com	C:\Users\PC\Downloads\top100110millionurls\01.txt	1442525
is-a-techie.com	is-a-techie.com	C:\Users\PC\Downloads\top100110millionurls\01.txt	1442526
is-a-therapist.com	is-a-therapist.com	C:\Users\PC\Downloads\top100110millionurls\01.txt	1442527
is-a.dev	is-a.dev	C:\Users\PC\Downloads\top100110millionurls\01.txt	1442529
is-an-actress.com	is-an-actress.com	C:\Users\PC\Downloads\top100110millionurls\01.txt	1442531
is-an-artist.com	is-an-artist.com	C:\Users\PC\Downloads\top100110millionurls\01.txt	1442532
is-an-engineer.com	is-an-engineer.com	C:\Users\PC\Downloads\top100110millionurls\01.txt	1442533
is-by.us	is-by.us	C:\Users\PC\Downloads\top100110millionurls\01.txt	1442537
is-certified.com	is-certified.com	C:\Users\PC\Downloads\top100110millionurls\01.txt	1442539
is-cool.dev	is-cool.dev	C:\Users\PC\Downloads\top100110millionurls\01.txt	1442540
is-found.org	is-found.org	C:\Users\PC\Downloads\top100110millionurls\01.txt	1442545
is-gone.com	is-gone.com	C:\Users\PC\Downloads\top100110millionurls\01.txt	1442548
is-into-anime.com	is-into-anime.com	C:\Users\PC\Downloads\top100110millionurls\01.txt	1442554
is-into-cars.com	is-into-cars.com	C:\Users\PC\Downloads\top100110millionurls\01.txt	1442555
is-leet.com	is-leet.com	C:\Users\PC\Downloads\top100110millionurls\01.txt	1442556
is-lost.org	is-lost.org	C:\Users\PC\Downloads\top100110millionurls\01.txt	1442557
is-not-certified.com	is-not-certified.com	C:\Users\PC\Downloads\top100110millionurls\01.txt	1442562
is-saved.org	is-saved.org	C:\Users\PC\Downloads\top100110millionurls\01.txt	1442567
is-slick.com	is-slick.com	C:\Users\PC\Downloads\top100110millionurls\01.txt	1442568
is-very-bad.org	is-very-bad.org	C:\Users\PC\Downloads\top100110millionurls\01.txt	1442573
is-very-evil.org	is-very-evil.org	C:\Users\PC\Downloads\top100110millionurls\01.txt	1442574
is-very-good.org	is-very-good.org	C:\Users\PC\Downloads\top100110millionurls\01.txt	1442575
is-very-nice.org	is-very-nice.org	C:\Users\PC\Downloads\top100110millionurls\01.txt	1442576
is-very-sweet.org	is-very-sweet.org	C:\Users\PC\Downloads\top100110millionurls\01.txt	1442577
is.it	is.it	C:\Users\PC\Downloads\top100110millionurls\01.txt	1442584
isa-geek.com	isa-geek.com	C:\Users\PC\Downloads\top100110millionurls\01.txt	1442608
isa-geek.net	isa-geek.net	C:\Users\PC\Downloads\top100110millionurls\01.txt	1442609
isa-hockeynut.com	isa-hockeynut.com	C:\Users\PC\Downloads\top100110millionurls\01.txt	1442610
ishikawa.jp	ishikawa.jp	C:\Users\PC\Downloads\top100110millionurls\01.txt	1443122
issmarterthanyou.com	issmarterthanyou.com	C:\Users\PC\Downloads\top100110millionurls\01.txt	1444068
isteingeek.de	isteingeek.de	C:\Users\PC\Downloads\top100110millionurls\01.txt	1444239
istmein.de	istmein.de	C:\Users\PC\Downloads\top100110millionurls\01.txt	1444275
it.ao	it.ao	C:\Users\PC\Downloads\top100110millionurls\01.txt	1444639
it.com	it.com	C:\Users\PC\Downloads\top100110millionurls\01.txt	1444640
itcouldbewor.se	itcouldbewor.se	C:\Users\PC\Downloads\top100110millionurls\01.txt	1445115
itigo.jp	itigo.jp	C:\Users\PC\Downloads\top100110millionurls\01.txt	1445593
ivano-frankivsk.ua	ivano-frankivsk.ua	C:\Users\PC\Downloads\top100110millionurls\01.txt	1446936
ivanovo.su	ivanovo.su	C:\Users\PC\Downloads\top100110millionurls\01.txt	1446941
iwate.jp	iwate.jp	C:\Users\PC\Downloads\top100110millionurls\01.txt	1447410
iwi.nz	iwi.nz	C:\Users\PC\Downloads\top100110millionurls\01.txt	1447498
iz.hr	iz.hr	C:\Users\PC\Downloads\top100110millionurls\01.txt	1447943
jab.br	jab.br	C:\Users\PC\Downloads\top100110millionurls\01.txt	1449370
jambyl.su	jambyl.su	C:\Users\PC\Downloads\top100110millionurls\01.txt	1450364
jampa.br	jampa.br	C:\Users\PC\Downloads\top100110millionurls\01.txt	1450537
jaworzno.pl	jaworzno.pl	C:\Users\PC\Downloads\top100110millionurls\01.txt	1451902
jcloud.kz	jcloud.kz	C:\Users\PC\Downloads\top100110millionurls\01.txt	1452492
jeez.jp	jeez.jp	C:\Users\PC\Downloads\top100110millionurls\01.txt	1453149
jelastic.team	jelastic.team	C:\Users\PC\Downloads\top100110millionurls\01.txt	1453290
jele.io	jele.io	C:\Users\PC\Downloads\top100110millionurls\01.txt	1453295
jelenia-gora.pl	jelenia-gora.pl	C:\Users\PC\Downloads\top100110millionurls\01.txt	1453296
jgora.pl	jgora.pl	C:\Users\PC\Downloads\top100110millionurls\01.txt	1455961
