reason	source	line	original
public-suffix-only	C:\Users\PC\Downloads\top100110millionurls\01.txt	113	amplifyapp.com
public-suffix-only	C:\Users\PC\Downloads\top100110millionurls\01.txt	136	awsglobalaccelerator.com
public-suffix-only	C:\Users\PC\Downloads\top100110millionurls\01.txt	150	cloudfront.net
public-suffix-only	C:\Users\PC\Downloads\top100110millionurls\01.txt	153	elasticbeanstalk.com
public-suffix-only	C:\Users\PC\Downloads\top100110millionurls\01.txt	385	cf-ipfs.com
public-suffix-only	C:\Users\PC\Downloads\top100110millionurls\01.txt	387	cloudflare-ipfs.com
public-suffix-only	C:\Users\PC\Downloads\top100110millionurls\01.txt	390	cloudflare.net
public-suffix-only	C:\Users\PC\Downloads\top100110millionurls\01.txt	409	pages.dev
public-suffix-only	C:\Users\PC\Downloads\top100110millionurls\01.txt	410	trycloudflare.com
public-suffix-only	C:\Users\PC\Downloads\top100110millionurls\01.txt	413	workers.dev
public-suffix-only	C:\Users\PC\Downloads\top100110millionurls\01.txt	456	discordsays.com
public-suffix-only	C:\Users\PC\Downloads\top100110millionurls\01.txt	1727	playstation-cloud.com
public-suffix-only	C:\Users\PC\Downloads\top100110millionurls\01.txt	2067	withyoutube.com
public-suffix-only	C:\Users\PC\Downloads\top100110millionurls\01.txt	39447	myqnapcloud.com
public-suffix-only	C:\Users\PC\Downloads\top100110millionurls\01.txt	419329	gdynia.pl
public-suffix-only	C:\Users\PC\Downloads\top100110millionurls\01.txt	614761	cfolks.pl
public-suffix-only	C:\Users\PC\Downloads\top100110millionurls\01.txt	615726	dkonto.pl
public-suffix-only	C:\Users\PC\Downloads\top100110millionurls\01.txt	616670	eurodir.ru
public-suffix-only	C:\Users\PC\Downloads\top100110millionurls\01.txt	617788	heliohost.us
public-suffix-only	C:\Users\PC\Downloads\top100110millionurls\01.txt	619533	mcdir.ru
public-suffix-only	C:\Users\PC\Downloads\top100110millionurls\01.txt	621191	netlib.re
public-suffix-only	C:\Users\PC\Downloads\top100110millionurls\01.txt	622097	pgw.jp
public-suffix-only	C:\Users\PC\Downloads\top100110millionurls\01.txt	646584	mittwaldserver.info
public-suffix-only	C:\Users\PC\Downloads\top100110millionurls\01.txt	656689	wpmudev.host
public-suffix-only	C:\Users\PC\Downloads\top100110millionurls\01.txt	658204	bielsko.pl
public-suffix-only	C:\Users\PC\Downloads\top100110millionurls\01.txt	658218	boo.jp
public-suffix-only	C:\Users\PC\Downloads\top100110millionurls\01.txt	658220	boy.jp
public-suffix-only	C:\Users\PC\Downloads\top100110millionurls\01.txt	658251	chicappa.jp
public-suffix-only	C:\Users\PC\Downloads\top100110millionurls\01.txt	658255	chu.jp
public-suffix-only	C:\Users\PC\Downloads\top100110millionurls\01.txt	658256	ciao.jp
public-suffix-only	C:\Users\PC\Downloads\top100110millionurls\01.txt	658361	edgekey-staging.net
public-suffix-only	C:\Users\PC\Downloads\top100110millionurls\01.txt	658483	hateblo.jp
public-suffix-only	C:\Users\PC\Downloads\top100110millionurls\01.txt	658484	hatenablog.jp
public-suffix-only	C:\Users\PC\Downloads\top100110millionurls\01.txt	658485	hatenadiary.com
public-suffix-only	C:\Users\PC\Downloads\top100110millionurls\01.txt	658486	hatenadiary.jp
public-suffix-only	C:\Users\PC\Downloads\top100110millionurls\01.txt	658541	in-berlin.de
public-suffix-only	C:\Users\PC\Downloads\top100110millionurls\01.txt	658642	lublin.pl
public-suffix-only	C:\Users\PC\Downloads\top100110millionurls\01.txt	658855	rs.ba
public-suffix-only	C:\Users\PC\Downloads\top100110millionurls\01.txt	658873	schulserver.de
public-suffix-only	C:\Users\PC\Downloads\top100110millionurls\01.txt	658934	sub.jp
public-suffix-only	C:\Users\PC\Downloads\top100110millionurls\01.txt	658945	tche.br
public-suffix-only	C:\Users\PC\Downloads\top100110millionurls\01.txt	659063	webspaceconfig.de
public-suffix-only	C:\Users\PC\Downloads\top100110millionurls\01.txt	666264	reserve-online.net
public-suffix-only	C:\Users\PC\Downloads\top100110millionurls\01.txt	669662	hypernode.io
public-suffix-only	C:\Users\PC\Downloads\top100110millionurls\01.txt	678636	moo.jp
public-suffix-only	C:\Users\PC\Downloads\top100110millionurls\01.txt	678661	mydns.jp
public-suffix-only	C:\Users\PC\Downloads\top100110millionurls\01.txt	678980	rub.de
public-suffix-only	C:\Users\PC\Downloads\top100110millionurls\01.txt	679008	sblo.jp
public-suffix-only	C:\Users\PC\Downloads\top100110millionurls\01.txt	685468	lodz.pl
public-suffix-only	C:\Users\PC\Downloads\top100110millionurls\01.txt	729144	altervista.org
public-suffix-only	C:\Users\PC\Downloads\top100110millionurls\01.txt	729191	hatenablog.com
public-suffix-only	C:\Users\PC\Downloads\top100110millionurls\01.txt	729216	main.jp
public-suffix-only	C:\Users\PC\Downloads\top100110millionurls\01.txt	729248	sakura.ne.jp
public-suffix-only	C:\Users\PC\Downloads\top100110millionurls\01.txt	768520	torun.pl
public-suffix-only	C:\Users\PC\Downloads\top100110millionurls\01.txt	772518	webflow.io
public-suffix-only	C:\Users\PC\Downloads\top100110millionurls\01.txt	786237	readthedocs.io
public-suffix-only	C:\Users\PC\Downloads\top100110millionurls\01.txt	838537	myshopify.com
public-suffix-only	C:\Users\PC\Downloads\top100110millionurls\01.txt	840492	lima-city.de
public-suffix-only	C:\Users\PC\Downloads\top100110millionurls\01.txt	854411	square.site
public-suffix-only	C:\Users\PC\Downloads\top100110millionurls\01.txt	919139	ruhr-uni-bochum.de
public-suffix-only	C:\Users\PC\Downloads\top100110millionurls\01.txt	956105	pythonanywhere.com
public-suffix-only	C:\Users\PC\Downloads\top100110millionurls\01.txt	1003595	0am.jp
public-suffix-only	C:\Users\PC\Downloads\top100110millionurls\01.txt	1003685	0g0.jp
public-suffix-only	C:\Users\PC\Downloads\top100110millionurls\01.txt	1003726	0j0.jp
public-suffix-only	C:\Users\PC\Downloads\top100110millionurls\01.txt	1003851	0t0.jp
public-suffix-only	C:\Users\PC\Downloads\top100110millionurls\01.txt	1005890	123hjemmeside.dk
public-suffix-only	C:\Users\PC\Downloads\top100110millionurls\01.txt	1005891	123hjemmeside.no
public-suffix-only	C:\Users\PC\Downloads\top100110millionurls\01.txt	1005892	123homepage.it
public-suffix-only	C:\Users\PC\Downloads\top100110millionurls\01.txt	1005919	123kotisivu.fi
public-suffix-only	C:\Users\PC\Downloads\top100110millionurls\01.txt	1005939	123minsida.se
public-suffix-only	C:\Users\PC\Downloads\top100110millionurls\01.txt	1005940	123miweb.es
public-suffix-only	C:\Users\PC\Downloads\top100110millionurls\01.txt	1006050	123paginaweb.pt
public-suffix-only	C:\Users\PC\Downloads\top100110millionurls\01.txt	1006113	123siteweb.fr
public-suffix-only	C:\Users\PC\Downloads\top100110millionurls\01.txt	1006165	123webseite.at
public-suffix-only	C:\Users\PC\Downloads\top100110millionurls\01.txt	1006166	123webseite.de
public-suffix-only	C:\Users\PC\Downloads\top100110millionurls\01.txt	1006167	123website.be
public-suffix-only	C:\Users\PC\Downloads\top100110millionurls\01.txt	1006168	123website.ch
public-suffix-only	C:\Users\PC\Downloads\top100110millionurls\01.txt	1006170	123website.lu
public-suffix-only	C:\Users\PC\Downloads\top100110millionurls\01.txt	1006171	123website.nl
public-suffix-only	C:\Users\PC\Downloads\top100110millionurls\01.txt	1006352	12hp.at
public-suffix-only	C:\Users\PC\Downloads\top100110millionurls\01.txt	1006353	12hp.ch
public-suffix-only	C:\Users\PC\Downloads\top100110millionurls\01.txt	1006354	12hp.de
public-suffix-only	C:\Users\PC\Downloads\top100110millionurls\01.txt	1006480	1337.pictures
public-suffix-only	C:\Users\PC\Downloads\top100110millionurls\01.txt	1008358	1cooldns.com
public-suffix-only	C:\Users\PC\Downloads\top100110millionurls\01.txt	1008803	1kapp.com
public-suffix-only	C:\Users\PC\Downloads\top100110millionurls\01.txt	1015677	2-d.jp
public-suffix-only	C:\Users\PC\Downloads\top100110millionurls\01.txt	1015923	2038.io
public-suffix-only	C:\Users\PC\Downloads\top100110millionurls\01.txt	1018373	2ix.at
public-suffix-only	C:\Users\PC\Downloads\top100110millionurls\01.txt	1018374	2ix.ch
public-suffix-only	C:\Users\PC\Downloads\top100110millionurls\01.txt	1018375	2ix.de
public-suffix-only	C:\Users\PC\Downloads\top100110millionurls\01.txt	1021569	3utilities.com
public-suffix-only	C:\Users\PC\Downloads\top100110millionurls\01.txt	1023212	4lima.at
public-suffix-only	C:\Users\PC\Downloads\top100110millionurls\01.txt	1023213	4lima.ch
public-suffix-only	C:\Users\PC\Downloads\top100110millionurls\01.txt	1023214	4lima.de
public-suffix-only	C:\Users\PC\Downloads\top100110millionurls\01.txt	1023565	4u.com
public-suffix-only	C:\Users\PC\Downloads\top100110millionurls\01.txt	1025440	5g.in
public-suffix-only	C:\Users\PC\Downloads\top100110millionurls\01.txt	1034492	a2hosted.com
public-suffix-only	C:\Users\PC\Downloads\top100110millionurls\01.txt	1035881	ab.ca
public-suffix-only	C:\Users\PC\Downloads\top100110millionurls\01.txt	1036300	abc.br
public-suffix-only	C:\Users\PC\Downloads\top100110millionurls\01.txt	1037096	abkhazia.su
public-suffix-only	C:\Users\PC\Downloads\top100110millionurls\01.txt	1037714	abruzzo.it
public-suffix-only	C:\Users\PC\Downloads\top100110millionurls\01.txt	1038231	ac.ae
public-suffix-only	C:\Users\PC\Downloads\top100110millionurls\01.txt	1038232	ac.at
public-suffix-only	C:\Users\PC\Downloads\top100110millionurls\01.txt	1038233	ac.bd
public-suffix-only	C:\Users\PC\Downloads\top100110millionurls\01.txt	1038234	ac.be
public-suffix-only	C:\Users\PC\Downloads\top100110millionurls\01.txt	1038235	ac.bw
public-suffix-only	C:\Users\PC\Downloads\top100110millionurls\01.txt	1038238	ac.cn
public-suffix-only	C:\Users\PC\Downloads\top100110millionurls\01.txt	1038240	ac.cr
public-suffix-only	C:\Users\PC\Downloads\top100110millionurls\01.txt	1038241	ac.cy
public-suffix-only	C:\Users\PC\Downloads\top100110millionurls\01.txt	1038244	ac.fj
public-suffix-only	C:\Users\PC\Downloads\top100110millionurls\01.txt	1038247	ac.id
public-suffix-only	C:\Users\PC\Downloads\top100110millionurls\01.txt	1038248	ac.il
public-suffix-only	C:\Users\PC\Downloads\top100110millionurls\01.txt	1038249	ac.im
public-suffix-only	C:\Users\PC\Downloads\top100110millionurls\01.txt	1038250	ac.in
public-suffix-only	C:\Users\PC\Downloads\top100110millionurls\01.txt	1038251	ac.ir
public-suffix-only	C:\Users\PC\Downloads\top100110millionurls\01.txt	1038252	ac.jp
public-suffix-only	C:\Users\PC\Downloads\top100110millionurls\01.txt	1038253	ac.ke
public-suffix-only	C:\Users\PC\Downloads\top100110millionurls\01.txt	1038254	ac.kr
public-suffix-only	C:\Users\PC\Downloads\top100110millionurls\01.txt	1038255	ac.lk
public-suffix-only	C:\Users\PC\Downloads\top100110millionurls\01.txt	1038256	ac.ma
public-suffix-only	C:\Users\PC\Downloads\top100110millionurls\01.txt	1038257	ac.me
public-suffix-only	C:\Users\PC\Downloads\top100110millionurls\01.txt	1038258	ac.mu
public-suffix-only	C:\Users\PC\Downloads\top100110millionurls\01.txt	1038259	ac.mw
public-suffix-only	C:\Users\PC\Downloads\top100110millionurls\01.txt	1038260	ac.mz
public-suffix-only	C:\Users\PC\Downloads\top100110millionurls\01.txt	1038261	ac.nz
public-suffix-only	C:\Users\PC\Downloads\top100110millionurls\01.txt	1038262	ac.pa
public-suffix-only	C:\Users\PC\Downloads\top100110millionurls\01.txt	1038263	ac.pg
public-suffix-only	C:\Users\PC\Downloads\top100110millionurls\01.txt	1038264	ac.rs
public-suffix-only	C:\Users\PC\Downloads\top100110millionurls\01.txt	1038265	ac.ru
public-suffix-only	C:\Users\PC\Downloads\top100110millionurls\01.txt	1038266	ac.rw
public-suffix-only	C:\Users\PC\Downloads\top100110millionurls\01.txt	1038267	ac.th
public-suffix-only	C:\Users\PC\Downloads\top100110millionurls\01.txt	1038268	ac.tz
public-suffix-only	C:\Users\PC\Downloads\top100110millionurls\01.txt	1038269	ac.ug
public-suffix-only	C:\Users\PC\Downloads\top100110millionurls\01.txt	1038270	ac.uk
public-suffix-only	C:\Users\PC\Downloads\top100110millionurls\01.txt	1038271	ac.vn
public-suffix-only	C:\Users\PC\Downloads\top100110millionurls\01.txt	1038272	ac.za
public-suffix-only	C:\Users\PC\Downloads\top100110millionurls\01.txt	1038273	ac.zm
public-suffix-only	C:\Users\PC\Downloads\top100110millionurls\01.txt	1038274	ac.zw
public-suffix-only	C:\Users\PC\Downloads\top100110millionurls\01.txt	1038884	accesscam.org
public-suffix-only	C:\Users\PC\Downloads\top100110millionurls\01.txt	1041028	act.edu.au
public-suffix-only	C:\Users\PC\Downloads\top100110millionurls\01.txt	1041637	activetrail.biz
public-suffix-only	C:\Users\PC\Downloads\top100110millionurls\01.txt	1042259	ad.jp
public-suffix-only	C:\Users\PC\Downloads\top100110millionurls\01.txt	1042618	adaptable.app
public-suffix-only	C:\Users\PC\Downloads\top100110millionurls\01.txt	1043934	adimo.co.uk
public-suffix-only	C:\Users\PC\Downloads\top100110millionurls\01.txt	1044249	adm.br
public-suffix-only	C:\Users\PC\Downloads\top100110millionurls\01.txt	1046396	adobeaemcloud.com
public-suffix-only	C:\Users\PC\Downloads\top100110millionurls\01.txt	1046397	adobeaemcloud.net
public-suffix-only	C:\Users\PC\Downloads\top100110millionurls\01.txt	1046423	adobeio-static.net
public-suffix-only	C:\Users\PC\Downloads\top100110millionurls\01.txt	1046424	adobeioruntime.net
public-suffix-only	C:\Users\PC\Downloads\top100110millionurls\01.txt	1047889	adv.br
public-suffix-only	C:\Users\PC\Downloads\top100110millionurls\01.txt	1048761	adygeya.ru
public-suffix-only	C:\Users\PC\Downloads\top100110millionurls\01.txt	1048762	adygeya.su
public-suffix-only	C:\Users\PC\Downloads\top100110millionurls\01.txt	1048862	ae.org
public-suffix-only	C:\Users\PC\Downloads\top100110millionurls\01.txt	1049441	aeroport.fr
public-suffix-only	C:\Users\PC\Downloads\top100110millionurls\01.txt	1050145	affinitylottery.org.uk
public-suffix-only	C:\Users\PC\Downloads\top100110millionurls\01.txt	1050597	africa.com
public-suffix-only	C:\Users\PC\Downloads\top100110millionurls\01.txt	1051028	ag.it
public-suffix-only	C:\Users\PC\Downloads\top100110millionurls\01.txt	1052280	agr.br
public-suffix-only	C:\Users\PC\Downloads\top100110millionurls\01.txt	1052388	agric.za
public-suffix-only	C:\Users\PC\Downloads\top100110millionurls\01.txt	1052513	agro.pl
public-suffix-only	C:\Users\PC\Downloads\top100110millionurls\01.txt	1052821	ah.cn
public-suffix-only	C:\Users\PC\Downloads\top100110millionurls\01.txt	1053494	ai.in
public-suffix-only	C:\Users\PC\Downloads\top100110millionurls\01.txt	1053500	ai.vn
public-suffix-only	C:\Users\PC\Downloads\top100110millionurls\01.txt	1053707	aichi.jp
public-suffix-only	C:\Users\PC\Downloads\top100110millionurls\01.txt	1055936	aivencloud.com
public-suffix-only	C:\Users\PC\Downloads\top100110millionurls\01.txt	1056346	aju.br
public-suffix-only	C:\Users\PC\Downloads\top100110millionurls\01.txt	1056413	ak.us
public-suffix-only	C:\Users\PC\Downloads\top100110millionurls\01.txt	1056495	akadns.net
public-suffix-only	C:\Users\PC\Downloads\top100110millionurls\01.txt	1056541	akamai-staging.net
public-suffix-only	C:\Users\PC\Downloads\top100110millionurls\01.txt	1056546	akamai.net
public-suffix-only	C:\Users\PC\Downloads\top100110millionurls\01.txt	1056560	akamaiedge-staging.net
public-suffix-only	C:\Users\PC\Downloads\top100110millionurls\01.txt	1056561	akamaiedge.net
public-suffix-only	C:\Users\PC\Downloads\top100110millionurls\01.txt	1056565	akamaihd.net
public-suffix-only	C:\Users\PC\Downloads\top100110millionurls\01.txt	1056568	akamaiorigin.net
public-suffix-only	C:\Users\PC\Downloads\top100110millionurls\01.txt	1056576	akamaized-staging.net
public-suffix-only	C:\Users\PC\Downloads\top100110millionurls\01.txt	1056580	akamaized.net
public-suffix-only	C:\Users\PC\Downloads\top100110millionurls\01.txt	1056969	akita.jp
public-suffix-only	C:\Users\PC\Downloads\top100110millionurls\01.txt	1057326	aktyubinsk.su
public-suffix-only	C:\Users\PC\Downloads\top100110millionurls\01.txt	1057493	al.it
public-suffix-only	C:\Users\PC\Downloads\top100110millionurls\01.txt	1057498	al.us
public-suffix-only	C:\Users\PC\Downloads\top100110millionurls\01.txt	1057740	aland.fi
public-suffix-only	C:\Users\PC\Downloads\top100110millionurls\01.txt	1058903	alessandria.it
public-suffix-only	C:\Users\PC\Downloads\top100110millionurls\01.txt	1059756	aliases121.com
public-suffix-only	C:\Users\PC\Downloads\top100110millionurls\01.txt	1063533	alpha-myqnapcloud.com
public-suffix-only	C:\Users\PC\Downloads\top100110millionurls\01.txt	1064261	alt.za
public-suffix-only	C:\Users\PC\Downloads\top100110millionurls\01.txt	1064669	altervista.org
public-suffix-only	C:\Users\PC\Downloads\top100110millionurls\01.txt	1064826	altoadige.it
public-suffix-only	C:\Users\PC\Downloads\top100110millionurls\01.txt	1065198	alwaysdata.net
public-suffix-only	C:\Users\PC\Downloads\top100110millionurls\01.txt	1065364	am.br
public-suffix-only	C:\Users\PC\Downloads\top100110millionurls\01.txt	1068259	amplifyapp.com
public-suffix-only	C:\Users\PC\Downloads\top100110millionurls\01.txt	1068854	an.it
public-suffix-only	C:\Users\PC\Downloads\top100110millionurls\01.txt	1069546	ancona.it
public-suffix-only	C:\Users\PC\Downloads\top100110millionurls\01.txt	1072679	antagonist.cloud
public-suffix-only	C:\Users\PC\Downloads\top100110millionurls\01.txt	1073962	ao.it
public-suffix-only	C:\Users\PC\Downloads\top100110millionurls\01.txt	1074148	aomori.jp
public-suffix-only	C:\Users\PC\Downloads\top100110millionurls\01.txt	1074396	ap.it
public-suffix-only	C:\Users\PC\Downloads\top100110millionurls\01.txt	1075378	apigee.io
public-suffix-only	C:\Users\PC\Downloads\top100110millionurls\01.txt	1076723	app.br
public-suffix-only	C:\Users\PC\Downloads\top100110millionurls\01.txt	1076972	appchizi.com
public-suffix-only	C:\Users\PC\Downloads\top100110millionurls\01.txt	1077697	applinzi.com
public-suffix-only	C:\Users\PC\Downloads\top100110millionurls\01.txt	1078064	apps-1and1.com
public-suffix-only	C:\Users\PC\Downloads\top100110millionurls\01.txt	1078065	apps-1and1.net
public-suffix-only	C:\Users\PC\Downloads\top100110millionurls\01.txt	1078282	appspaceusercontent.com
public-suffix-only	C:\Users\PC\Downloads\top100110millionurls\01.txt	1078292	appspot.com
public-suffix-only	C:\Users\PC\Downloads\top100110millionurls\01.txt	1079134	aq.it
public-suffix-only	C:\Users\PC\Downloads\top100110millionurls\01.txt	1079474	aquila.it
public-suffix-only	C:\Users\PC\Downloads\top100110millionurls\01.txt	1079579	ar.it
public-suffix-only	C:\Users\PC\Downloads\top100110millionurls\01.txt	1079582	ar.us
public-suffix-only	C:\Users\PC\Downloads\top100110millionurls\01.txt	1081431	arezzo.it
public-suffix-only	C:\Users\PC\Downloads\top100110millionurls\01.txt	1082132	arkhangelsk.su
public-suffix-only	C:\Users\PC\Downloads\top100110millionurls\01.txt	1082432	armenia.su
public-suffix-only	C:\Users\PC\Downloads\top100110millionurls\01.txt	1082902	arq.br
public-suffix-only	C:\Users\PC\Downloads\top100110millionurls\01.txt	1083318	art.br
public-suffix-only	C:\Users\PC\Downloads\top100110millionurls\01.txt	1083324	art.pl
public-suffix-only	C:\Users\PC\Downloads\top100110millionurls\01.txt	1085745	ashgabad.su
public-suffix-only	C:\Users\PC\Downloads\top100110millionurls\01.txt	1086836	asn.au
public-suffix-only	C:\Users\PC\Downloads\top100110millionurls\01.txt	1087692	asso.fr
public-suffix-only	C:\Users\PC\Downloads\top100110millionurls\01.txt	1088040	asti.it
public-suffix-only	C:\Users\PC\Downloads\top100110millionurls\01.txt	1088701	at-band-camp.net
public-suffix-only	C:\Users\PC\Downloads\top100110millionurls\01.txt	1088741	at.it
public-suffix-only	C:\Users\PC\Downloads\top100110millionurls\01.txt	1089262	ath.cx
public-suffix-only	C:\Users\PC\Downloads\top100110millionurls\01.txt	1090178	atmeta.com
public-suffix-only	C:\Users\PC\Downloads\top100110millionurls\01.txt	1092191	augustow.pl
public-suffix-only	C:\Users\PC\Downloads\top100110millionurls\01.txt	1093173	authgear-staging.com
public-suffix-only	C:\Users\PC\Downloads\top100110millionurls\01.txt	1093174	authgearapps.com
public-suffix-only	C:\Users\PC\Downloads\top100110millionurls\01.txt	1093381	auto.pl
public-suffix-only	C:\Users\PC\Downloads\top100110millionurls\01.txt	1095045	av.it
public-suffix-only	C:\Users\PC\Downloads\top100110millionurls\01.txt	1095051	av.tr
public-suffix-only	C:\Users\PC\Downloads\top100110millionurls\01.txt	1096589	avocat.fr
public-suffix-only	C:\Users\PC\Downloads\top100110millionurls\01.txt	1097734	awsapps.com
public-suffix-only	C:\Users\PC\Downloads\top100110millionurls\01.txt	1098017	awsglobalaccelerator.com
public-suffix-only	C:\Users\PC\Downloads\top100110millionurls\01.txt	1099131	az.us
public-suffix-only	C:\Users\PC\Downloads\top100110millionurls\01.txt	1099529	azerbaijan.su
public-suffix-only	C:\Users\PC\Downloads\top100110millionurls\01.txt	1101682	azure-api.net
public-suffix-only	C:\Users\PC\Downloads\top100110millionurls\01.txt	1101683	azure-api.us
public-suffix-only	C:\Users\PC\Downloads\top100110millionurls\01.txt	1101704	azure-mobile.net
public-suffix-only	C:\Users\PC\Downloads\top100110millionurls\01.txt	1101733	azureedge.net
public-suffix-only	C:\Users\PC\Downloads\top100110millionurls\01.txt	1101735	azurefd.net
public-suffix-only	C:\Users\PC\Downloads\top100110millionurls\01.txt	1101765	azurestaticapps.net
public-suffix-only	C:\Users\PC\Downloads\top100110millionurls\01.txt	1101771	azurewebsites.net
public-suffix-only	C:\Users\PC\Downloads\top100110millionurls\01.txt	1101772	azurewebsites.us
public-suffix-only	C:\Users\PC\Downloads\top100110millionurls\01.txt	1101989	b.br
public-suffix-only	C:\Users\PC\Downloads\top100110millionurls\01.txt	1102609	ba.it
public-suffix-only	C:\Users\PC\Downloads\top100110millionurls\01.txt	1102869	babia-gora.pl
public-suffix-only	C:\Users\PC\Downloads\top100110millionurls\01.txt	1103016	babyblue.jp
public-suffix-only	C:\Users\PC\Downloads\top100110millionurls\01.txt	1103134	babymilk.jp
public-suffix-only	C:\Users\PC\Downloads\top100110millionurls\01.txt	1103400	backdrop.jp
public-suffix-only	C:\Users\PC\Downloads\top100110millionurls\01.txt	1105244	balashov.su
public-suffix-only	C:\Users\PC\Downloads\top100110millionurls\01.txt	1105328	balena-devices.com
public-suffix-only	C:\Users\PC\Downloads\top100110millionurls\01.txt	1108148	bari.it
public-suffix-only	C:\Users\PC\Downloads\top100110millionurls\01.txt	1108523	barsy.bg
public-suffix-only	C:\Users\PC\Downloads\top100110millionurls\01.txt	1108524	barsy.in
public-suffix-only	C:\Users\PC\Downloads\top100110millionurls\01.txt	1108525	barsy.menu
public-suffix-only	C:\Users\PC\Downloads\top100110millionurls\01.txt	1108526	barsy.net
public-suffix-only	C:\Users\PC\Downloads\top100110millionurls\01.txt	1108527	barsy.online
public-suffix-only	C:\Users\PC\Downloads\top100110millionurls\01.txt	1108528	barsy.shop
public-suffix-only	C:\Users\PC\Downloads\top100110millionurls\01.txt	1108529	barsy.support
public-suffix-only	C:\Users\PC\Downloads\top100110millionurls\01.txt	1108530	barsyonline.co.uk
public-suffix-only	C:\Users\PC\Downloads\top100110millionurls\01.txt	1108531	barsyonline.com
public-suffix-only	C:\Users\PC\Downloads\top100110millionurls\01.txt	1108715	base.ec
public-suffix-only	C:\Users\PC\Downloads\top100110millionurls\01.txt	1108720	base.shop
public-suffix-only	C:\Users\PC\Downloads\top100110millionurls\01.txt	1108939	bashkiria.ru
public-suffix-only	C:\Users\PC\Downloads\top100110millionurls\01.txt	1108940	bashkiria.su
public-suffix-only	C:\Users\PC\Downloads\top100110millionurls\01.txt	1108990	basicserver.io
public-suffix-only	C:\Users\PC\Downloads\top100110millionurls\01.txt	1109011	basilicata.it
public-suffix-only	C:\Users\PC\Downloads\top100110millionurls\01.txt	1110911	bbs.tr
public-suffix-only	C:\Users\PC\Downloads\top100110millionurls\01.txt	1111187	bc.ca
public-suffix-only	C:\Users\PC\Downloads\top100110millionurls\01.txt	1112667	bearblog.dev
public-suffix-only	C:\Users\PC\Downloads\top100110millionurls\01.txt	1113625	bedzin.pl
public-suffix-only	C:\Users\PC\Downloads\top100110millionurls\01.txt	1113921	beep.pl
public-suffix-only	C:\Users\PC\Downloads\top100110millionurls\01.txt	1114621	bel.tr
public-suffix-only	C:\Users\PC\Downloads\top100110millionurls\01.txt	1114725	belem.br
public-suffix-only	C:\Users\PC\Downloads\top100110millionurls\01.txt	1115191	belluno.it
public-suffix-only	C:\Users\PC\Downloads\top100110millionurls\01.txt	1116388	bergamo.it
public-suffix-only	C:\Users\PC\Downloads\top100110millionurls\01.txt	1116976	beskidy.pl
public-suffix-only	C:\Users\PC\Downloads\top100110millionurls\01.txt	1120505	better-than.tv
public-suffix-only	C:\Users\PC\Downloads\top100110millionurls\01.txt	1122018	bg.it
public-suffix-only	C:\Users\PC\Downloads\top100110millionurls\01.txt	1122668	bhz.br
public-suffix-only	C:\Users\PC\Downloads\top100110millionurls\01.txt	1122692	bi.it
public-suffix-only	C:\Users\PC\Downloads\top100110millionurls\01.txt	1122740	bialowieza.pl
public-suffix-only	C:\Users\PC\Downloads\top100110millionurls\01.txt	1122742	bialystok.pl
public-suffix-only	C:\Users\PC\Downloads\top100110millionurls\01.txt	1123481	bielawa.pl
public-suffix-only	C:\Users\PC\Downloads\top100110millionurls\01.txt	1123487	biella.it
public-suffix-only	C:\Users\PC\Downloads\top100110millionurls\01.txt	1123489	bielsko.pl
public-suffix-only	C:\Users\PC\Downloads\top100110millionurls\01.txt	1123553	bieszczady.pl
public-suffix-only	C:\Users\PC\Downloads\top100110millionurls\01.txt	1126260	bio.br
public-suffix-only	C:\Users\PC\Downloads\top100110millionurls\01.txt	1126916	bir.ru
public-suffix-only	C:\Users\PC\Downloads\top100110millionurls\01.txt	1127653	bitbucket.io
public-suffix-only	C:\Users\PC\Downloads\top100110millionurls\01.txt	1128596	bitter.jp
public-suffix-only	C:\Users\PC\Downloads\top100110millionurls\01.txt	1128885	biz.id
public-suffix-only	C:\Users\PC\Downloads\top100110millionurls\01.txt	1128886	biz.in
public-suffix-only	C:\Users\PC\Downloads\top100110millionurls\01.txt	1128888	biz.my
public-suffix-only	C:\Users\PC\Downloads\top100110millionurls\01.txt	1128892	biz.pl
public-suffix-only	C:\Users\PC\Downloads\top100110millionurls\01.txt	1128896	biz.tr
public-suffix-only	C:\Users\PC\Downloads\top100110millionurls\01.txt	1128897	biz.ua
public-suffix-only	C:\Users\PC\Downloads\top100110millionurls\01.txt	1128899	biz.vn
public-suffix-only	C:\Users\PC\Downloads\top100110millionurls\01.txt	1129294	bj.cn
public-suffix-only	C:\Users\PC\Downloads\top100110millionurls\01.txt	1130019	bl.it
public-suffix-only	C:\Users\PC\Downloads\top100110millionurls\01.txt	1130154	blackbaudcdn.net
public-suffix-only	C:\Users\PC\Downloads\top100110millionurls\01.txt	1132082	blog.br
public-suffix-only	C:\Users\PC\Downloads\top100110millionurls\01.txt	1132194	blogdns.com
public-suffix-only	C:\Users\PC\Downloads\top100110millionurls\01.txt	1132195	blogdns.net
public-suffix-only	C:\Users\PC\Downloads\top100110millionurls\01.txt	1132196	blogdns.org
public-suffix-only	C:\Users\PC\Downloads\top100110millionurls\01.txt	1132452	blogsite.org
public-suffix-only	C:\Users\PC\Downloads\top100110millionurls\01.txt	1132485	blogspot.com
public-suffix-only	C:\Users\PC\Downloads\top100110millionurls\01.txt	1132552	blogsyte.com
public-suffix-only	C:\Users\PC\Downloads\top100110millionurls\01.txt	1133264	bluebite.io
public-suffix-only	C:\Users\PC\Downloads\top100110millionurls\01.txt	1134588	bmoattachments.org
public-suffix-only	C:\Users\PC\Downloads\top100110millionurls\01.txt	1134997	bn.it
public-suffix-only	C:\Users\PC\Downloads\top100110millionurls\01.txt	1135333	bnr.la
public-suffix-only	C:\Users\PC\Downloads\top100110millionurls\01.txt	1135426	bo.it
public-suffix-only	C:\Users\PC\Downloads\top100110millionurls\01.txt	1136916	boldlygoingnowhere.org
public-suffix-only	C:\Users\PC\Downloads\top100110millionurls\01.txt	1136975	boleslawiec.pl
public-suffix-only	C:\Users\PC\Downloads\top100110millionurls\01.txt	1137041	bolivia.bo
public-suffix-only	C:\Users\PC\Downloads\top100110millionurls\01.txt	1137141	bologna.it
public-suffix-only	C:\Users\PC\Downloads\top100110millionurls\01.txt	1137194	bolt.hu
public-suffix-only	C:\Users\PC\Downloads\top100110millionurls\01.txt	1137268	bolzano.it
public-suffix-only	C:\Users\PC\Downloads\top100110millionurls\01.txt	1137417	bona.jp
public-suffix-only	C:\Users\PC\Downloads\top100110millionurls\01.txt	1138331	boo.jp
public-suffix-only	C:\Users\PC\Downloads\top100110millionurls\01.txt	1139964	boomla.net
public-suffix-only	C:\Users\PC\Downloads\top100110millionurls\01.txt	1141614	bounceme.net
public-suffix-only	C:\Users\PC\Downloads\top100110millionurls\01.txt	1141817	boutir.com
public-suffix-only	C:\Users\PC\Downloads\top100110millionurls\01.txt	1142014	box.ca
public-suffix-only	C:\Users\PC\Downloads\top100110millionurls\01.txt	1142260	boy.jp
public-suffix-only	C:\Users\PC\Downloads\top100110millionurls\01.txt	1142603	bplaced.com
public-suffix-only	C:\Users\PC\Downloads\top100110millionurls\01.txt	1142604	bplaced.de
public-suffix-only	C:\Users\PC\Downloads\top100110millionurls\01.txt	1142605	bplaced.net
public-suffix-only	C:\Users\PC\Downloads\top100110millionurls\01.txt	1142911	br.com
public-suffix-only	C:\Users\PC\Downloads\top100110millionurls\01.txt	1142918	br.it
public-suffix-only	C:\Users\PC\Downloads\top100110millionurls\01.txt	1143918	brasilia.me
public-suffix-only	C:\Users\PC\Downloads\top100110millionurls\01.txt	1144796	brescia.it
public-suffix-only	C:\Users\PC\Downloads\top100110millionurls\01.txt	1146571	broke-it.net
public-suffix-only	C:\Users\PC\Downloads\top100110millionurls\01.txt	1147115	browsersafetymark.io
public-suffix-only	C:\Users\PC\Downloads\top100110millionurls\01.txt	1147533	bryansk.su
public-suffix-only	C:\Users\PC\Downloads\top100110millionurls\01.txt	1147638	bs.it
public-suffix-only	C:\Users\PC\Downloads\top100110millionurls\01.txt	1147725	bsb.br
public-suffix-only	C:\Users\PC\Downloads\top100110millionurls\01.txt	1148092	bss.design
public-suffix-only	C:\Users\PC\Downloads\top100110millionurls\01.txt	1148244	bt.it
public-suffix-only	C:\Users\PC\Downloads\top100110millionurls\01.txt	1148948	bubbleapps.io
public-suffix-only	C:\Users\PC\Downloads\top100110millionurls\01.txt	1150064	builtwithdark.com
public-suffix-only	C:\Users\PC\Downloads\top100110millionurls\01.txt	1150111	bukhara.su
public-suffix-only	C:\Users\PC\Downloads\top100110millionurls\01.txt	1150567	bumbleshrimp.com
public-suffix-only	C:\Users\PC\Downloads\top100110millionurls\01.txt	1151438	busan.kr
public-suffix-only	C:\Users\PC\Downloads\top100110millionurls\01.txt	1152612	buyshop.jp
public-suffix-only	C:\Users\PC\Downloads\top100110millionurls\01.txt	1152613	buyshouses.net
public-suffix-only	C:\Users\PC\Downloads\top100110millionurls\01.txt	1153638	bydgoszcz.pl
public-suffix-only	C:\Users\PC\Downloads\top100110millionurls\01.txt	1154246	bytom.pl
public-suffix-only	C:\Users\PC\Downloads\top100110millionurls\01.txt	1154325	bz.it
public-suffix-only	C:\Users\PC\Downloads\top100110millionurls\01.txt	1154913	c66.me
public-suffix-only	C:\Users\PC\Downloads\top100110millionurls\01.txt	1155094	ca.it
public-suffix-only	C:\Users\PC\Downloads\top100110millionurls\01.txt	1155097	ca.us
public-suffix-only	C:\Users\PC\Downloads\top100110millionurls\01.txt	1155271	cable-modem.org
public-suffix-only	C:\Users\PC\Downloads\top100110millionurls\01.txt	1156064	cafjs.com
public-suffix-only	C:\Users\PC\Downloads\top100110millionurls\01.txt	1156119	cagliari.it
public-suffix-only	C:\Users\PC\Downloads\top100110millionurls\01.txt	1156509	calabria.it
public-suffix-only	C:\Users\PC\Downloads\top100110millionurls\01.txt	1157360	caltanissetta.it
public-suffix-only	C:\Users\PC\Downloads\top100110millionurls\01.txt	1157720	camdvr.org
public-suffix-only	C:\Users\PC\Downloads\top100110millionurls\01.txt	1158110	campania.it
public-suffix-only	C:\Users\PC\Downloads\top100110millionurls\01.txt	1158205	campinas.br
public-suffix-only	C:\Users\PC\Downloads\top100110millionurls\01.txt	1159312	candypop.jp
public-suffix-only	C:\Users\PC\Downloads\top100110millionurls\01.txt	1159769	canva-apps.cn
public-suffix-only	C:\Users\PC\Downloads\top100110millionurls\01.txt	1159770	canva-apps.com
public-suffix-only	C:\Users\PC\Downloads\top100110millionurls\01.txt	1162723	carrd.co
public-suffix-only	C:\Users\PC\Downloads\top100110millionurls\01.txt	1163549	casacam.net
public-suffix-only	C:\Users\PC\Downloads\top100110millionurls\01.txt	1163868	caserta.it
public-suffix-only	C:\Users\PC\Downloads\top100110millionurls\01.txt	1169790	catania.it
public-suffix-only	C:\Users\PC\Downloads\top100110millionurls\01.txt	1170284	catholic.edu.au
public-suffix-only	C:\Users\PC\Downloads\top100110millionurls\01.txt	1170774	caxias.br
public-suffix-only	C:\Users\PC\Downloads\top100110millionurls\01.txt	1171483	cb.it
public-suffix-only	C:\Users\PC\Downloads\top100110millionurls\01.txt	1171694	cbg.ru
public-suffix-only	C:\Users\PC\Downloads\top100110millionurls\01.txt	1172164	cc.ua
public-suffix-only	C:\Users\PC\Downloads\top100110millionurls\01.txt	1172608	cci.fr
public-suffix-only	C:\Users\PC\Downloads\top100110millionurls\01.txt	1174406	cdn77-storage.com
public-suffix-only	C:\Users\PC\Downloads\top100110millionurls\01.txt	1175874	ce.it
public-suffix-only	C:\Users\PC\Downloads\top100110millionurls\01.txt	1175986	cechire.com
public-suffix-only	C:\Users\PC\Downloads\top100110millionurls\01.txt	1178807	cf-ipfs.com
public-suffix-only	C:\Users\PC\Downloads\top100110millionurls\01.txt	1179134	cfolks.pl
public-suffix-only	C:\Users\PC\Downloads\top100110millionurls\01.txt	1179648	ch.it
public-suffix-only	C:\Users\PC\Downloads\top100110millionurls\01.txt	1180039	chambagri.fr
public-suffix-only	C:\Users\PC\Downloads\top100110millionurls\01.txt	1180672	channelsdvr.net
public-suffix-only	C:\Users\PC\Downloads\top100110millionurls\01.txt	1183523	cherkassy.ua
public-suffix-only	C:\Users\PC\Downloads\top100110millionurls\01.txt	1183536	chernigov.ua
public-suffix-only	C:\Users\PC\Downloads\top100110millionurls\01.txt	1183538	chernivtsi.ua
public-suffix-only	C:\Users\PC\Downloads\top100110millionurls\01.txt	1183541	chernovtsy.ua
public-suffix-only	C:\Users\PC\Downloads\top100110millionurls\01.txt	1183975	chiba.jp
public-suffix-only	C:\Users\PC\Downloads\top100110millionurls\01.txt	1184048	chicappa.jp
public-suffix-only	C:\Users\PC\Downloads\top100110millionurls\01.txt	1184260	chieti.it
public-suffix-only	C:\Users\PC\Downloads\top100110millionurls\01.txt	1184606	chimkent.su
public-suffix-only	C:\Users\PC\Downloads\top100110millionurls\01.txt	1185224	chips.jp
public-suffix-only	C:\Users\PC\Downloads\top100110millionurls\01.txt	1185307	chirurgiens-dentistes-en-france.fr
public-suffix-only	C:\Users\PC\Downloads\top100110millionurls\01.txt	1185308	chirurgiens-dentistes.fr
public-suffix-only	C:\Users\PC\Downloads\top100110millionurls\01.txt	1186561	chu.jp
public-suffix-only	C:\Users\PC\Downloads\top100110millionurls\01.txt	1187030	ciao.jp
public-suffix-only	C:\Users\PC\Downloads\top100110millionurls\01.txt	1187349	cieszyn.pl
public-suffix-only	C:\Users\PC\Downloads\top100110millionurls\01.txt	1187577	cim.br
public-suffix-only	C:\Users\PC\Downloads\top100110millionurls\01.txt	1188782	ciscofreak.com
public-suffix-only	C:\Users\PC\Downloads\top100110millionurls\01.txt	1190273	ck.ua
public-suffix-only	C:\Users\PC\Downloads\top100110millionurls\01.txt	1190462	cl.it
public-suffix-only	C:\Users\PC\Downloads\top100110millionurls\01.txt	1190627	clan.rip
public-suffix-only	C:\Users\PC\Downloads\top100110millionurls\01.txt	1192301	cleverapps.io
public-suffix-only	C:\Users\PC\Downloads\top100110millionurls\01.txt	1194377	cloud.goog
public-suffix-only	C:\Users\PC\Downloads\top100110millionurls\01.txt	1194473	cloudaccess.host
public-suffix-only	C:\Users\PC\Downloads\top100110millionurls\01.txt	1194475	cloudaccess.net
public-suffix-only	C:\Users\PC\Downloads\top100110millionurls\01.txt	1194507	cloudapp.net
public-suffix-only	C:\Users\PC\Downloads\top100110millionurls\01.txt	1194895	cloudflare-ipfs.com
public-suffix-only	C:\Users\PC\Downloads\top100110millionurls\01.txt	1194904	cloudflare.net
public-suffix-only	C:\Users\PC\Downloads\top100110millionurls\01.txt	1194972	cloudfront.net
public-suffix-only	C:\Users\PC\Downloads\top100110millionurls\01.txt	1194978	cloudfunctions.net
public-suffix-only	C:\Users\PC\Downloads\top100110millionurls\01.txt	1195124	cloudjiffy.net
public-suffix-only	C:\Users\PC\Downloads\top100110millionurls\01.txt	1195309	cloudns.asia
public-suffix-only	C:\Users\PC\Downloads\top100110millionurls\01.txt	1195310	cloudns.be
public-suffix-only	C:\Users\PC\Downloads\top100110millionurls\01.txt	1195311	cloudns.biz
public-suffix-only	C:\Users\PC\Downloads\top100110millionurls\01.txt	1195312	cloudns.cc
public-suffix-only	C:\Users\PC\Downloads\top100110millionurls\01.txt	1195313	cloudns.ch
public-suffix-only	C:\Users\PC\Downloads\top100110millionurls\01.txt	1195314	cloudns.cl
public-suffix-only	C:\Users\PC\Downloads\top100110millionurls\01.txt	1195315	cloudns.club
public-suffix-only	C:\Users\PC\Downloads\top100110millionurls\01.txt	1195317	cloudns.cx
public-suffix-only	C:\Users\PC\Downloads\top100110millionurls\01.txt	1195318	cloudns.eu
public-suffix-only	C:\Users\PC\Downloads\top100110millionurls\01.txt	1195319	cloudns.info
public-suffix-only	C:\Users\PC\Downloads\top100110millionurls\01.txt	1195322	cloudns.nz
public-suffix-only	C:\Users\PC\Downloads\top100110millionurls\01.txt	1195323	cloudns.org
public-suffix-only	C:\Users\PC\Downloads\top100110millionurls\01.txt	1195324	cloudns.ph
public-suffix-only	C:\Users\PC\Downloads\top100110millionurls\01.txt	1195325	cloudns.pro
public-suffix-only	C:\Users\PC\Downloads\top100110millionurls\01.txt	1195326	cloudns.pw
public-suffix-only	C:\Users\PC\Downloads\top100110millionurls\01.txt	1195328	cloudns.us
public-suffix-only	C:\Users\PC\Downloads\top100110millionurls\01.txt	1195545	cloudsite.builders
public-suffix-only	C:\Users\PC\Downloads\top100110millionurls\01.txt	1195789	cloudycluster.net
public-suffix-only	C:\Users\PC\Downloads\top100110millionurls\01.txt	1196155	club.tw
public-suffix-only	C:\Users\PC\Downloads\top100110millionurls\01.txt	1197940	cn.com
public-suffix-only	C:\Users\PC\Downloads\top100110millionurls\01.txt	1197945	cn.in
public-suffix-only	C:\Users\PC\Downloads\top100110millionurls\01.txt	1197946	cn.it
public-suffix-only	C:\Users\PC\Downloads\top100110millionurls\01.txt	1197951	cn.ua
public-suffix-only	C:\Users\PC\Downloads\top100110millionurls\01.txt	1198701	cnt.br
public-suffix-only	C:\Users\PC\Downloads\top100110millionurls\01.txt	1198907	co.za
public-suffix-only	C:\Users\PC\Downloads\top100110millionurls\01.txt	1199809	codeberg.page
public-suffix-only	C:\Users\PC\Downloads\top100110millionurls\01.txt	1200145	codespot.com
public-suffix-only	C:\Users\PC\Downloads\top100110millionurls\01.txt	1202127	collegefan.org
public-suffix-only	C:\Users\PC\Downloads\top100110millionurls\01.txt	1203078	com.de
public-suffix-only	C:\Users\PC\Downloads\top100110millionurls\01.txt	1203081	com.ru
public-suffix-only	C:\Users\PC\Downloads\top100110millionurls\01.txt	1204324	community-pro.de
public-suffix-only	C:\Users\PC\Downloads\top100110millionurls\01.txt	1204325	community-pro.net
public-suffix-only	C:\Users\PC\Downloads\top100110millionurls\01.txt	1204439	como.it
public-suffix-only	C:\Users\PC\Downloads\top100110millionurls\01.txt	1209534	convex.cloud
public-suffix-only	C:\Users\PC\Downloads\top100110millionurls\01.txt	1210367	coop.ar
public-suffix-only	C:\Users\PC\Downloads\top100110millionurls\01.txt	1210368	coop.br
public-suffix-only	C:\Users\PC\Downloads\top100110millionurls\01.txt	1210379	coop.np
public-suffix-only	C:\Users\PC\Downloads\top100110millionurls\01.txt	1210381	coop.py
public-suffix-only	C:\Users\PC\Downloads\top100110millionurls\01.txt	1212831	couchpotatofries.org
public-suffix-only	C:\Users\PC\Downloads\top100110millionurls\01.txt	1214369	cprapid.com
public-suffix-only	C:\Users\PC\Downloads\top100110millionurls\01.txt	1214542	cq.cn
public-suffix-only	C:\Users\PC\Downloads\top100110millionurls\01.txt	1214737	cr.it
public-suffix-only	C:\Users\PC\Downloads\top100110millionurls\01.txt	1214870	craft.me
public-suffix-only	C:\Users\PC\Downloads\top100110millionurls\01.txt	1215095	cranky.jp
public-suffix-only	C:\Users\PC\Downloads\top100110millionurls\01.txt	1215106	crap.jp
public-suffix-only	C:\Users\PC\Downloads\top100110millionurls\01.txt	1215511	crd.co
public-suffix-only	C:\Users\PC\Downloads\top100110millionurls\01.txt	1216459	cremona.it
public-suffix-only	C:\Users\PC\Downloads\top100110millionurls\01.txt	1216697	cri.nz
public-suffix-only	C:\Users\PC\Downloads\top100110millionurls\01.txt	1216895	crimea.ua
public-suffix-only	C:\Users\PC\Downloads\top100110millionurls\01.txt	1217869	crotone.it
public-suffix-only	C:\Users\PC\Downloads\top100110millionurls\01.txt	1219264	cs.in
public-suffix-only	C:\Users\PC\Downloads\top100110millionurls\01.txt	1219266	cs.it
public-suffix-only	C:\Users\PC\Downloads\top100110millionurls\01.txt	1219376	csb.app
public-suffix-only	C:\Users\PC\Downloads\top100110millionurls\01.txt	1220285	csx.cc
public-suffix-only	C:\Users\PC\Downloads\top100110millionurls\01.txt	1220331	ct.it
public-suffix-only	C:\Users\PC\Downloads\top100110millionurls\01.txt	1220336	ct.us
public-suffix-only	C:\Users\PC\Downloads\top100110millionurls\01.txt	1220534	ctfcloud.net
public-suffix-only	C:\Users\PC\Downloads\top100110millionurls\01.txt	1221883	cuiaba.br
public-suffix-only	C:\Users\PC\Downloads\top100110millionurls\01.txt	1222307	cuneo.it
public-suffix-only	C:\Users\PC\Downloads\top100110millionurls\01.txt	1222684	curitiba.br
public-suffix-only	C:\Users\PC\Downloads\top100110millionurls\01.txt	1223577	cv.ua
public-suffix-only	C:\Users\PC\Downloads\top100110millionurls\01.txt	1224112	cx.ua
public-suffix-only	C:\Users\PC\Downloads\top100110millionurls\01.txt	1225268	cyon.link
public-suffix-only	C:\Users\PC\Downloads\top100110millionurls\01.txt	1225270	cyon.site
public-suffix-only	C:\Users\PC\Downloads\top100110millionurls\01.txt	1225473	cz.it
public-suffix-only	C:\Users\PC\Downloads\top100110millionurls\01.txt	1225577	czeladz.pl
public-suffix-only	C:\Users\PC\Downloads\top100110millionurls\01.txt	1225580	czest.pl
public-suffix-only	C:\Users\PC\Downloads\top100110millionurls\01.txt	1226206	daa.jp
public-suffix-only	C:\Users\PC\Downloads\top100110millionurls\01.txt	1226998	dagestan.ru
public-suffix-only	C:\Users\PC\Downloads\top100110millionurls\01.txt	1226999	dagestan.su
public-suffix-only	C:\Users\PC\Downloads\top100110millionurls\01.txt	1228434	damnserver.com
public-suffix-only	C:\Users\PC\Downloads\top100110millionurls\01.txt	1228567	danang.vn
public-suffix-only	C:\Users\PC\Downloads\top100110millionurls\01.txt	1231687	dattolocal.com
public-suffix-only	C:\Users\PC\Downloads\top100110millionurls\01.txt	1231688	dattolocal.net
public-suffix-only	C:\Users\PC\Downloads\top100110millionurls\01.txt	1231691	dattoweb.com
public-suffix-only	C:\Users\PC\Downloads\top100110millionurls\01.txt	1233700	ddns.me
public-suffix-only	C:\Users\PC\Downloads\top100110millionurls\01.txt	1233705	ddns.net
public-suffix-only	C:\Users\PC\Downloads\top100110millionurls\01.txt	1233735	ddnsfree.com
public-suffix-only	C:\Users\PC\Downloads\top100110millionurls\01.txt	1233737	ddnsgeek.com
public-suffix-only	C:\Users\PC\Downloads\top100110millionurls\01.txt	1233740	ddnsguru.com
public-suffix-only	C:\Users\PC\Downloads\top100110millionurls\01.txt	1233747	ddnsking.com
public-suffix-only	C:\Users\PC\Downloads\top100110millionurls\01.txt	1233757	ddnss.de
public-suffix-only	C:\Users\PC\Downloads\top100110millionurls\01.txt	1233760	ddnss.org
public-suffix-only	C:\Users\PC\Downloads\top100110millionurls\01.txt	1233761	ddnssec.de
public-suffix-only	C:\Users\PC\Downloads\top100110millionurls\01.txt	1233971	de.com
public-suffix-only	C:\Users\PC\Downloads\top100110millionurls\01.txt	1233972	de.cool
public-suffix-only	C:\Users\PC\Downloads\top100110millionurls\01.txt	1233986	de.us
public-suffix-only	C:\Users\PC\Downloads\top100110millionurls\01.txt	1234575	debian.net
public-suffix-only	C:\Users\PC\Downloads\top100110millionurls\01.txt	1234705	deca.jp
public-suffix-only	C:\Users\PC\Downloads\top100110millionurls\01.txt	1234880	deci.jp
public-suffix-only	C:\Users\PC\Downloads\top100110millionurls\01.txt	1235236	dedibox.fr
public-suffix-only	C:\Users\PC\Downloads\top100110millionurls\01.txt	1235306	dedyn.io
public-suffix-only	C:\Users\PC\Downloads\top100110millionurls\01.txt	1235695	def.br
public-suffix-only	C:\Users\PC\Downloads\top100110millionurls\01.txt	1235907	definima.net
public-suffix-only	C:\Users\PC\Downloads\top100110millionurls\01.txt	1237596	demon.nl
public-suffix-only	C:\Users\PC\Downloads\top100110millionurls\01.txt	1237934	deno-staging.dev
public-suffix-only	C:\Users\PC\Downloads\top100110millionurls\01.txt	1237936	deno.dev
public-suffix-only	C:\Users\PC\Downloads\top100110millionurls\01.txt	1238263	dep.no
public-suffix-only	C:\Users\PC\Downloads\top100110millionurls\01.txt	1238853	des.br
public-suffix-only	C:\Users\PC\Downloads\top100110millionurls\01.txt	1238861	desa.id
public-suffix-only	C:\Users\PC\Downloads\top100110millionurls\01.txt	1239857	deta.app
public-suffix-only	C:\Users\PC\Downloads\top100110millionurls\01.txt	1239859	deta.dev
public-suffix-only	C:\Users\PC\Downloads\top100110millionurls\01.txt	1240348	dev.br
public-suffix-only	C:\Users\PC\Downloads\top100110millionurls\01.txt	1241618	dfirma.pl
public-suffix-only	C:\Users\PC\Downloads\top100110millionurls\01.txt	1242610	diadem.cloud
public-suffix-only	C:\Users\PC\Downloads\top100110millionurls\01.txt	1248035	discordsays.com
public-suffix-only	C:\Users\PC\Downloads\top100110millionurls\01.txt	1248037	discordsez.com
public-suffix-only	C:\Users\PC\Downloads\top100110millionurls\01.txt	1248145	discourse.group
public-suffix-only	C:\Users\PC\Downloads\top100110millionurls\01.txt	1248147	discourse.team
public-suffix-only	C:\Users\PC\Downloads\top100110millionurls\01.txt	1248503	diskstation.me
public-suffix-only	C:\Users\PC\Downloads\top100110millionurls\01.txt	1248512	diskussionsbereich.de
public-suffix-only	C:\Users\PC\Downloads\top100110millionurls\01.txt	1249026	ditchyourip.com
public-suffix-only	C:\Users\PC\Downloads\top100110millionurls\01.txt	1249483	dix.asia
public-suffix-only	C:\Users\PC\Downloads\top100110millionurls\01.txt	1250191	dkonto.pl
public-suffix-only	C:\Users\PC\Downloads\top100110millionurls\01.txt	1251266	dn.ua
public-suffix-only	C:\Users\PC\Downloads\top100110millionurls\01.txt	1251590	dns-cloud.net
public-suffix-only	C:\Users\PC\Downloads\top100110millionurls\01.txt	1251597	dns-dynamic.net
public-suffix-only	C:\Users\PC\Downloads\top100110millionurls\01.txt	1251764	dnsabr.com
public-suffix-only	C:\Users\PC\Downloads\top100110millionurls\01.txt	1251769	dnsalias.com
public-suffix-only	C:\Users\PC\Downloads\top100110millionurls\01.txt	1251770	dnsalias.net
public-suffix-only	C:\Users\PC\Downloads\top100110millionurls\01.txt	1251771	dnsalias.org
public-suffix-only	C:\Users\PC\Downloads\top100110millionurls\01.txt	1251830	dnsdojo.com
public-suffix-only	C:\Users\PC\Downloads\top100110millionurls\01.txt	1251831	dnsdojo.net
public-suffix-only	C:\Users\PC\Downloads\top100110millionurls\01.txt	1251832	dnsdojo.org
public-suffix-only	C:\Users\PC\Downloads\top100110millionurls\01.txt	1251872	dnsfor.me
public-suffix-only	C:\Users\PC\Downloads\top100110millionurls\01.txt	1251904	dnshome.de
public-suffix-only	C:\Users\PC\Downloads\top100110millionurls\01.txt	1251932	dnsiskinky.com
public-suffix-only	C:\Users\PC\Downloads\top100110millionurls\01.txt	1252078	dnsup.net
public-suffix-only	C:\Users\PC\Downloads\top100110millionurls\01.txt	1253289	does-it.net
public-suffix-only	C:\Users\PC\Downloads\top100110millionurls\01.txt	1253298	doesntexist.com
public-suffix-only	C:\Users\PC\Downloads\top100110millionurls\01.txt	1253299	doesntexist.org
public-suffix-only	C:\Users\PC\Downloads\top100110millionurls\01.txt	1253744	dojin.com
public-suffix-only	C:\Users\PC\Downloads\top100110millionurls\01.txt	1255197	donetsk.ua
public-suffix-only	C:\Users\PC\Downloads\top100110millionurls\01.txt	1255491	dontexist.com
public-suffix-only	C:\Users\PC\Downloads\top100110millionurls\01.txt	1255492	dontexist.net
public-suffix-only	C:\Users\PC\Downloads\top100110millionurls\01.txt	1255493	dontexist.org
public-suffix-only	C:\Users\PC\Downloads\top100110millionurls\01.txt	1255753	doomdns.com
public-suffix-only	C:\Users\PC\Downloads\top100110millionurls\01.txt	1255754	doomdns.org
public-suffix-only	C:\Users\PC\Downloads\top100110millionurls\01.txt	1255907	dopaas.com
public-suffix-only	C:\Users\PC\Downloads\top100110millionurls\01.txt	1257935	dp.ua
public-suffix-only	C:\Users\PC\Downloads\top100110millionurls\01.txt	1258405	dr.tr
public-suffix-only	C:\Users\PC\Downloads\top100110millionurls\01.txt	1259175	drayddns.com
public-suffix-only	C:\Users\PC\Downloads\top100110millionurls\01.txt	1259486	dreamhosters.com
public-suffix-only	C:\Users\PC\Downloads\top100110millionurls\01.txt	1261681	drr.ac
public-suffix-only	C:\Users\PC\Downloads\top100110millionurls\01.txt	1262209	dscloud.biz
public-suffix-only	C:\Users\PC\Downloads\top100110millionurls\01.txt	1262210	dscloud.me
public-suffix-only	C:\Users\PC\Downloads\top100110millionurls\01.txt	1262211	dscloud.mobi
public-suffix-only	C:\Users\PC\Downloads\top100110millionurls\01.txt	1262451	dsmynas.com
public-suffix-only	C:\Users\PC\Downloads\top100110millionurls\01.txt	1262452	dsmynas.net
public-suffix-only	C:\Users\PC\Downloads\top100110millionurls\01.txt	1262453	dsmynas.org
public-suffix-only	C:\Users\PC\Downloads\top100110millionurls\01.txt	1263444	duckdns.org
public-suffix-only	C:\Users\PC\Downloads\top100110millionurls\01.txt	1264925	dvrcam.info
public-suffix-only	C:\Users\PC\Downloads\top100110millionurls\01.txt	1264929	dvrdns.org
public-suffix-only	C:\Users\PC\Downloads\top100110millionurls\01.txt	1265380	dy.fi
public-suffix-only	C:\Users\PC\Downloads\top100110millionurls\01.txt	1265535	dyn-ip24.de
public-suffix-only	C:\Users\PC\Downloads\top100110millionurls\01.txt	1265536	dyn-o-saur.com
public-suffix-only	C:\Users\PC\Downloads\top100110millionurls\01.txt	1265573	dynalias.com
public-suffix-only	C:\Users\PC\Downloads\top100110millionurls\01.txt	1265574	dynalias.net
public-suffix-only	C:\Users\PC\Downloads\top100110millionurls\01.txt	1265575	dynalias.org
public-suffix-only	C:\Users\PC\Downloads\top100110millionurls\01.txt	1265755	dynathome.net
public-suffix-only	C:\Users\PC\Downloads\top100110millionurls\01.txt	1265781	dyndns-at-home.com
public-suffix-only	C:\Users\PC\Downloads\top100110millionurls\01.txt	1265782	dyndns-at-work.com
public-suffix-only	C:\Users\PC\Downloads\top100110millionurls\01.txt	1265783	dyndns-blog.com
public-suffix-only	C:\Users\PC\Downloads\top100110millionurls\01.txt	1265784	dyndns-free.com
public-suffix-only	C:\Users\PC\Downloads\top100110millionurls\01.txt	1265785	dyndns-home.com
public-suffix-only	C:\Users\PC\Downloads\top100110millionurls\01.txt	1265786	dyndns-ip.com
public-suffix-only	C:\Users\PC\Downloads\top100110millionurls\01.txt	1265788	dyndns-mail.com
public-suffix-only	C:\Users\PC\Downloads\top100110millionurls\01.txt	1265789	dyndns-office.com
public-suffix-only	C:\Users\PC\Downloads\top100110millionurls\01.txt	1265790	dyndns-pics.com
public-suffix-only	C:\Users\PC\Downloads\top100110millionurls\01.txt	1265791	dyndns-remote.com
public-suffix-only	C:\Users\PC\Downloads\top100110millionurls\01.txt	1265792	dyndns-server.com
public-suffix-only	C:\Users\PC\Downloads\top100110millionurls\01.txt	1265793	dyndns-web.com
public-suffix-only	C:\Users\PC\Downloads\top100110millionurls\01.txt	1265794	dyndns-work.com
public-suffix-only	C:\Users\PC\Downloads\top100110millionurls\01.txt	1265797	dyndns.biz
public-suffix-only	C:\Users\PC\Downloads\top100110millionurls\01.txt	1265803	dyndns.info
public-suffix-only	C:\Users\PC\Downloads\top100110millionurls\01.txt	1265806	dyndns.org
public-suffix-only	C:\Users\PC\Downloads\top100110millionurls\01.txt	1265808	dyndns.tv
public-suffix-only	C:\Users\PC\Downloads\top100110millionurls\01.txt	1265809	dyndns.ws
public-suffix-only	C:\Users\PC\Downloads\top100110millionurls\01.txt	1265810	dyndns1.de
public-suffix-only	C:\Users\PC\Downloads\top100110millionurls\01.txt	1265843	dynns.com
public-suffix-only	C:\Users\PC\Downloads\top100110millionurls\01.txt	1265860	dynserv.org
public-suffix-only	C:\Users\PC\Downloads\top100110millionurls\01.txt	1265877	dynu.net
public-suffix-only	C:\Users\PC\Downloads\top100110millionurls\01.txt	1265878	dynuddns.com
public-suffix-only	C:\Users\PC\Downloads\top100110millionurls\01.txt	1265879	dynuddns.net
public-suffix-only	C:\Users\PC\Downloads\top100110millionurls\01.txt	1265883	dynv6.net
public-suffix-only	C:\Users\PC\Downloads\top100110millionurls\01.txt	1268412	east-kazakhstan.su
public-suffix-only	C:\Users\PC\Downloads\top100110millionurls\01.txt	1269225	easypanel.host
public-suffix-only	C:\Users\PC\Downloads\top100110millionurls\01.txt	1269616	eating-organic.net
public-suffix-only	C:\Users\PC\Downloads\top100110millionurls\01.txt	1271511	eco.br
public-suffix-only	C:\Users\PC\Downloads\top100110millionurls\01.txt	1272484	ed.ao
public-suffix-only	C:\Users\PC\Downloads\top100110millionurls\01.txt	1272486	ed.cr
public-suffix-only	C:\Users\PC\Downloads\top100110millionurls\01.txt	1272488	ed.jp
public-suffix-only	C:\Users\PC\Downloads\top100110millionurls\01.txt	1272990	edgecompute.app
public-suffix-only	C:\Users\PC\Downloads\top100110millionurls\01.txt	1273032	edgekey-staging.net
public-suffix-only	C:\Users\PC\Downloads\top100110millionurls\01.txt	1273034	edgekey.net
public-suffix-only	C:\Users\PC\Downloads\top100110millionurls\01.txt	1273090	edgestack.me
public-suffix-only	C:\Users\PC\Downloads\top100110millionurls\01.txt	1273092	edgesuite.net
public-suffix-only	C:\Users\PC\Downloads\top100110millionurls\01.txt	1273469	editorx.io
public-suffix-only	C:\Users\PC\Downloads\top100110millionurls\01.txt	1273883	edu.ru
public-suffix-only	C:\Users\PC\Downloads\top100110millionurls\01.txt	1274269	edugit.io
public-suffix-only	C:\Users\PC\Downloads\top100110millionurls\01.txt	1274728	eek.jp
public-suffix-only	C:\Users\PC\Downloads\top100110millionurls\01.txt	1274809	eero.online
public-suffix-only	C:\Users\PC\Downloads\top100110millionurls\01.txt	1276252	ehime.jp
public-suffix-only	C:\Users\PC\Downloads\top100110millionurls\01.txt	1277691	elasticbeanstalk.com
public-suffix-only	C:\Users\PC\Downloads\top100110millionurls\01.txt	1277793	elblag.pl
public-suffix-only	C:\Users\PC\Downloads\top100110millionurls\01.txt	1280500	elementor.cloud
public-suffix-only	C:\Users\PC\Downloads\top100110millionurls\01.txt	1280502	elementor.cool
public-suffix-only	C:\Users\PC\Downloads\top100110millionurls\01.txt	1281484	elk.pl
public-suffix-only	C:\Users\PC\Downloads\top100110millionurls\01.txt	1284118	emilia-romagna.it
public-suffix-only	C:\Users\PC\Downloads\top100110millionurls\01.txt	1284587	emp.br
public-suffix-only	C:\Users\PC\Downloads\top100110millionurls\01.txt	1285048	emr.it
public-suffix-only	C:\Users\PC\Downloads\top100110millionurls\01.txt	1285352	en.it
public-suffix-only	C:\Users\PC\Downloads\top100110millionurls\01.txt	1285664	encoreapi.com
public-suffix-only	C:\Users\PC\Downloads\top100110millionurls\01.txt	1285684	encr.app
public-suffix-only	C:\Users\PC\Downloads\top100110millionurls\01.txt	1285882	endofinternet.net
public-suffix-only	C:\Users\PC\Downloads\top100110millionurls\01.txt	1285883	endofinternet.org
public-suffix-only	C:\Users\PC\Downloads\top100110millionurls\01.txt	1285888	endoftheinternet.org
public-suffix-only	C:\Users\PC\Downloads\top100110millionurls\01.txt	1286569	eng.br
public-suffix-only	C:\Users\PC\Downloads\top100110millionurls\01.txt	1287678	ens.tn
public-suffix-only	C:\Users\PC\Downloads\top100110millionurls\01.txt	1287700	enscaled.sg
public-suffix-only	C:\Users\PC\Downloads\top100110millionurls\01.txt	1288008	enterprisecloud.nu
public-suffix-only	C:\Users\PC\Downloads\top100110millionurls\01.txt	1291766	es.kr
public-suffix-only	C:\Users\PC\Downloads\top100110millionurls\01.txt	1293006	esp.br
public-suffix-only	C:\Users\PC\Downloads\top100110millionurls\01.txt	1294316	etc.br
public-suffix-only	C:\Users\PC\Downloads\top100110millionurls\01.txt	1294810	eti.br
public-suffix-only	C:\Users\PC\Downloads\top100110millionurls\01.txt	1295349	eu.com
public-suffix-only	C:\Users\PC\Downloads\top100110millionurls\01.txt	1295352	eu.org
public-suffix-only	C:\Users\PC\Downloads\top100110millionurls\01.txt	1295578	eun.eg
public-suffix-only	C:\Users\PC\Downloads\top100110millionurls\01.txt	1295938	eurodir.ru
public-suffix-only	C:\Users\PC\Downloads\top100110millionurls\01.txt	1300146	exnet.su
public-suffix-only	C:\Users\PC\Downloads\top100110millionurls\01.txt	1300801	experts-comptables.fr
public-suffix-only	C:\Users\PC\Downloads\top100110millionurls\01.txt	1303204	f5.si
public-suffix-only	C:\Users\PC\Downloads\top100110millionurls\01.txt	1305683	familyds.com
public-suffix-only	C:\Users\PC\Downloads\top100110millionurls\01.txt	1305684	familyds.net
public-suffix-only	C:\Users\PC\Downloads\top100110millionurls\01.txt	1305685	familyds.org
public-suffix-only	C:\Users\PC\Downloads\top100110millionurls\01.txt	1306525	fantasyleague.cc
public-suffix-only	C:\Users\PC\Downloads\top100110millionurls\01.txt	1306845	far.br
public-suffix-only	C:\Users\PC\Downloads\top100110millionurls\01.txt	1307847	fashionstore.jp
public-suffix-only	C:\Users\PC\Downloads\top100110millionurls\01.txt	1308480	fastly-edge.com
public-suffix-only	C:\Users\PC\Downloads\top100110millionurls\01.txt	1308483	fastly-terrarium.com
public-suffix-only	C:\Users\PC\Downloads\top100110millionurls\01.txt	1308489	fastlylb.net
public-suffix-only	C:\Users\PC\Downloads\top100110millionurls\01.txt	1308790	fastvps-server.com
public-suffix-only	C:\Users\PC\Downloads\top100110millionurls\01.txt	1309918	fbxos.fr
public-suffix-only	C:\Users\PC\Downloads\top100110millionurls\01.txt	1309962	fc.it
public-suffix-only	C:\Users\PC\Downloads\top100110millionurls\01.txt	1310622	fe.it
public-suffix-only	C:\Users\PC\Downloads\top100110millionurls\01.txt	1310988	fedorainfracloud.org
public-suffix-only	C:\Users\PC\Downloads\top100110millionurls\01.txt	1310990	fedorapeople.org
public-suffix-only	C:\Users\PC\Downloads\top100110millionurls\01.txt	1311528	feira.br
public-suffix-only	C:\Users\PC\Downloads\top100110millionurls\01.txt	1311809	fem.jp
public-suffix-only	C:\Users\PC\Downloads\top100110millionurls\01.txt	1312610	feste-ip.net
public-suffix-only	C:\Users\PC\Downloads\top100110millionurls\01.txt	1313329	fg.it
public-suffix-only	C:\Users\PC\Downloads\top100110millionurls\01.txt	1313504	fh-muenster.io
public-suffix-only	C:\Users\PC\Downloads\top100110millionurls\01.txt	1313667	fhs.no
public-suffix-only	C:\Users\PC\Downloads\top100110millionurls\01.txt	1313674	fhsk.se
public-suffix-only	C:\Users\PC\Downloads\top100110millionurls\01.txt	1313713	fi.cr
public-suffix-only	C:\Users\PC\Downloads\top100110millionurls\01.txt	1313715	fi.it
public-suffix-only	C:\Users\PC\Downloads\top100110millionurls\01.txt	1314916	filegear-sg.me
public-suffix-only	C:\Users\PC\Downloads\top100110millionurls\01.txt	1314917	filegear.me
public-suffix-only	C:\Users\PC\Downloads\top100110millionurls\01.txt	1316239	fin.ec
public-suffix-only	C:\Users\PC\Downloads\top100110millionurls\01.txt	1318174	firebaseapp.com
public-suffix-only	C:\Users\PC\Downloads\top100110millionurls\01.txt	1318379	firenze.it
public-suffix-only	C:\Users\PC\Downloads\top100110millionurls\01.txt	1318485	firewall-gateway.com
public-suffix-only	C:\Users\PC\Downloads\top100110millionurls\01.txt	1318486	firewall-gateway.de
public-suffix-only	C:\Users\PC\Downloads\top100110millionurls\01.txt	1318487	firewall-gateway.net
public-suffix-only	C:\Users\PC\Downloads\top100110millionurls\01.txt	1318496	firewalledreplit.co
public-suffix-only	C:\Users\PC\Downloads\top100110millionurls\01.txt	1318547	firm.in
public-suffix-only	C:\Users\PC\Downloads\top100110millionurls\01.txt	1320296	fj.cn
public-suffix-only	C:\Users\PC\Downloads\top100110millionurls\01.txt	1320531	fl.us
public-suffix-only	C:\Users\PC\Downloads\top100110millionurls\01.txt	1322620	flog.br
public-suffix-only	C:\Users\PC\Downloads\top100110millionurls\01.txt	1322730	flop.jp
public-suffix-only	C:\Users\PC\Downloads\top100110millionurls\01.txt	1322963	floripa.br
public-suffix-only	C:\Users\PC\Downloads\top100110millionurls\01.txt	1323632	flutterflow.app
public-suffix-only	C:\Users\PC\Downloads\top100110millionurls\01.txt	1323794	fly.dev
public-suffix-only	C:\Users\PC\Downloads\top100110millionurls\01.txt	1324282	fm.br
public-suffix-only	C:\Users\PC\Downloads\top100110millionurls\01.txt	1324287	fm.it
public-suffix-only	C:\Users\PC\Downloads\top100110millionurls\01.txt	1325213	foggia.it
public-suffix-only	C:\Users\PC\Downloads\top100110millionurls\01.txt	1326390	fool.jp
public-suffix-only	C:\Users\PC\Downloads\top100110millionurls\01.txt	1326811	for-better.biz
public-suffix-only	C:\Users\PC\Downloads\top100110millionurls\01.txt	1326818	for-more.biz
public-suffix-only	C:\Users\PC\Downloads\top100110millionurls\01.txt	1326819	for-our.info
public-suffix-only	C:\Users\PC\Downloads\top100110millionurls\01.txt	1326827	for-the.biz
public-suffix-only	C:\Users\PC\Downloads\top100110millionurls\01.txt	1327515	forgeblocks.com
public-suffix-only	C:\Users\PC\Downloads\top100110millionurls\01.txt	1328833	forumz.info
public-suffix-only	C:\Users\PC\Downloads\top100110millionurls\01.txt	1329038	fot.br
public-suffix-only	C:\Users\PC\Downloads\top100110millionurls\01.txt	1329927	foz.br
public-suffix-only	C:\Users\PC\Downloads\top100110millionurls\01.txt	1330247	fr.it
public-suffix-only	C:\Users\PC\Downloads\top100110millionurls\01.txt	1330483	framer.ai
public-suffix-only	C:\Users\PC\Downloads\top100110millionurls\01.txt	1330484	framer.app
public-suffix-only	C:\Users\PC\Downloads\top100110millionurls\01.txt	1330488	framer.website
public-suffix-only	C:\Users\PC\Downloads\top100110millionurls\01.txt	1330489	framer.wiki
public-suffix-only	C:\Users\PC\Downloads\top100110millionurls\01.txt	1330492	framercanvas.com
public-suffix-only	C:\Users\PC\Downloads\top100110millionurls\01.txt	1331703	freeboxos.fr
public-suffix-only	C:\Users\PC\Downloads\top100110millionurls\01.txt	1331830	freeddns.org
public-suffix-only	C:\Users\PC\Downloads\top100110millionurls\01.txt	1331832	freeddns.us
public-suffix-only	C:\Users\PC\Downloads\top100110millionurls\01.txt	1331843	freedesktop.org
public-suffix-only	C:\Users\PC\Downloads\top100110millionurls\01.txt	1332415	freemyip.com
public-suffix-only	C:\Users\PC\Downloads\top100110millionurls\01.txt	1332800	freesite.host
public-suffix-only	C:\Users\PC\Downloads\top100110millionurls\01.txt	1337505	from-ak.com
public-suffix-only	C:\Users\PC\Downloads\top100110millionurls\01.txt	1337506	from-al.com
public-suffix-only	C:\Users\PC\Downloads\top100110millionurls\01.txt	1337507	from-ar.com
public-suffix-only	C:\Users\PC\Downloads\top100110millionurls\01.txt	1337508	from-ca.com
public-suffix-only	C:\Users\PC\Downloads\top100110millionurls\01.txt	1337509	from-co.net
public-suffix-only	C:\Users\PC\Downloads\top100110millionurls\01.txt	1337510	from-ct.com
public-suffix-only	C:\Users\PC\Downloads\top100110millionurls\01.txt	1337511	from-dc.com
public-suffix-only	C:\Users\PC\Downloads\top100110millionurls\01.txt	1337512	from-de.com
public-suffix-only	C:\Users\PC\Downloads\top100110millionurls\01.txt	1337514	from-fl.com
public-suffix-only	C:\Users\PC\Downloads\top100110millionurls\01.txt	1337515	from-ga.com
public-suffix-only	C:\Users\PC\Downloads\top100110millionurls\01.txt	1337517	from-hi.com
public-suffix-only	C:\Users\PC\Downloads\top100110millionurls\01.txt	1337519	from-id.com
public-suffix-only	C:\Users\PC\Downloads\top100110millionurls\01.txt	1337520	from-il.com
public-suffix-only	C:\Users\PC\Downloads\top100110millionurls\01.txt	1337521	from-in.com
public-suffix-only	C:\Users\PC\Downloads\top100110millionurls\01.txt	1337522	from-ks.com
public-suffix-only	C:\Users\PC\Downloads\top100110millionurls\01.txt	1337523	from-ky.com
public-suffix-only	C:\Users\PC\Downloads\top100110millionurls\01.txt	1337524	from-la.net
public-suffix-only	C:\Users\PC\Downloads\top100110millionurls\01.txt	1337526	from-ma.com
public-suffix-only	C:\Users\PC\Downloads\top100110millionurls\01.txt	1337527	from-md.com
public-suffix-only	C:\Users\PC\Downloads\top100110millionurls\01.txt	1337528	from-me.org
public-suffix-only	C:\Users\PC\Downloads\top100110millionurls\01.txt	1337529	from-mi.com
public-suffix-only	C:\Users\PC\Downloads\top100110millionurls\01.txt	1337530	from-mt.com
public-suffix-only	C:\Users\PC\Downloads\top100110millionurls\01.txt	1337531	from-nc.com
public-suffix-only	C:\Users\PC\Downloads\top100110millionurls\01.txt	1337532	from-ne.com
public-suffix-only	C:\Users\PC\Downloads\top100110millionurls\01.txt	1337533	from-nh.com
public-suffix-only	C:\Users\PC\Downloads\top100110millionurls\01.txt	1337534	from-nj.com
public-suffix-only	C:\Users\PC\Downloads\top100110millionurls\01.txt	1337535	from-nm.com
public-suffix-only	C:\Users\PC\Downloads\top100110millionurls\01.txt	1337536	from-nv.com
public-suffix-only	C:\Users\PC\Downloads\top100110millionurls\01.txt	1337537	from-ny.net
public-suffix-only	C:\Users\PC\Downloads\top100110millionurls\01.txt	1337538	from-oh.com
public-suffix-only	C:\Users\PC\Downloads\top100110millionurls\01.txt	1337539	from-ok.com
public-suffix-only	C:\Users\PC\Downloads\top100110millionurls\01.txt	1337540	from-pa.com
public-suffix-only	C:\Users\PC\Downloads\top100110millionurls\01.txt	1337541	from-pr.com
public-suffix-only	C:\Users\PC\Downloads\top100110millionurls\01.txt	1337543	from-ri.com
public-suffix-only	C:\Users\PC\Downloads\top100110millionurls\01.txt	1337544	from-sc.com
public-suffix-only	C:\Users\PC\Downloads\top100110millionurls\01.txt	1337545	from-sd.com
public-suffix-only	C:\Users\PC\Downloads\top100110millionurls\01.txt	1337547	from-tn.com
public-suffix-only	C:\Users\PC\Downloads\top100110millionurls\01.txt	1337548	from-tx.com
public-suffix-only	C:\Users\PC\Downloads\top100110millionurls\01.txt	1337552	from-ut.com
public-suffix-only	C:\Users\PC\Downloads\top100110millionurls\01.txt	1337553	from-va.com
public-suffix-only	C:\Users\PC\Downloads\top100110millionurls\01.txt	1337554	from-vt.com
public-suffix-only	C:\Users\PC\Downloads\top100110millionurls\01.txt	1337555	from-wa.com
public-suffix-only	C:\Users\PC\Downloads\top100110millionurls\01.txt	1337556	from-wi.com
public-suffix-only	C:\Users\PC\Downloads\top100110millionurls\01.txt	1337557	from.hr
public-suffix-only	C:\Users\PC\Downloads\top100110millionurls\01.txt	1337560	from.tv
public-suffix-only	C:\Users\PC\Downloads\top100110millionurls\01.txt	1338575	fst.br
public-suffix-only	C:\Users\PC\Downloads\top100110millionurls\01.txt	1338842	ftpaccess.cc
public-suffix-only	C:\Users\PC\Downloads\top100110millionurls\01.txt	1339314	fuettertdasnetz.de
public-suffix-only	C:\Users\PC\Downloads\top100110millionurls\01.txt	1339510	fukui.jp
public-suffix-only	C:\Users\PC\Downloads\top100110millionurls\01.txt	1339517	fukuoka.jp
public-suffix-only	C:\Users\PC\Downloads\top100110millionurls\01.txt	1339524	fukushima.jp
public-suffix-only	C:\Users\PC\Downloads\top100110millionurls\01.txt	1341715	futuremailing.at
public-suffix-only	C:\Users\PC\Downloads\top100110millionurls\01.txt	1341983	fvg.it
public-suffix-only	C:\Users\PC\Downloads\top100110millionurls\01.txt	1342923	g12.br
public-suffix-only	C:\Users\PC\Downloads\top100110millionurls\01.txt	1343302	ga.us
public-suffix-only	C:\Users\PC\Downloads\top100110millionurls\01.txt	1343561	gadget.app
public-suffix-only	C:\Users\PC\Downloads\top100110millionurls\01.txt	1345131	game-host.org
public-suffix-only	C:\Users\PC\Downloads\top100110millionurls\01.txt	1345170	game-server.cc
public-suffix-only	C:\Users\PC\Downloads\top100110millionurls\01.txt	1345211	game.tw
public-suffix-only	C:\Users\PC\Downloads\top100110millionurls\01.txt	1349381	gb.net
public-suffix-only	C:\Users\PC\Downloads\top100110millionurls\01.txt	1349727	gc.ca
public-suffix-only	C:\Users\PC\Downloads\top100110millionurls\01.txt	1350080	gd.cn
public-suffix-only	C:\Users\PC\Downloads\top100110millionurls\01.txt	1350110	gda.pl
public-suffix-only	C:\Users\PC\Downloads\top100110millionurls\01.txt	1350120	gdansk.pl
public-suffix-only	C:\Users\PC\Downloads\top100110millionurls\01.txt	1350488	gdynia.pl
public-suffix-only	C:\Users\PC\Downloads\top100110millionurls\01.txt	1350545	ge.it
public-suffix-only	C:\Users\PC\Downloads\top100110millionurls\01.txt	1350879	geek.nz
public-suffix-only	C:\Users\PC\Downloads\top100110millionurls\01.txt	1350931	geekgalaxy.com
public-suffix-only	C:\Users\PC\Downloads\top100110millionurls\01.txt	1351725	gen.in
public-suffix-only	C:\Users\PC\Downloads\top100110millionurls\01.txt	1351726	gen.nz
public-suffix-only	C:\Users\PC\Downloads\top100110millionurls\01.txt	1351727	gen.tr
public-suffix-only	C:\Users\PC\Downloads\top100110millionurls\01.txt	1352444	genova.it
public-suffix-only	C:\Users\PC\Downloads\top100110millionurls\01.txt	1352525	gentapps.com
public-suffix-only	C:\Users\PC\Downloads\top100110millionurls\01.txt	1353090	georgia.su
public-suffix-only	C:\Users\PC\Downloads\top100110millionurls\01.txt	1355012	getmyip.com
public-suffix-only	C:\Users\PC\Downloads\top100110millionurls\01.txt	1355330	gets-it.net
public-suffix-only	C:\Users\PC\Downloads\top100110millionurls\01.txt	1356821	ggff.net
public-suffix-only	C:\Users\PC\Downloads\top100110millionurls\01.txt	1358166	gifu.jp
public-suffix-only	C:\Users\PC\Downloads\top100110millionurls\01.txt	1358511	giize.com
public-suffix-only	C:\Users\PC\Downloads\top100110millionurls\01.txt	1359234	girly.jp
public-suffix-only	C:\Users\PC\Downloads\top100110millionurls\01.txt	1359384	git-repos.de
public-suffix-only	C:\Users\PC\Downloads\top100110millionurls\01.txt	1359404	gitapp.si
public-suffix-only	C:\Users\PC\Downloads\top100110millionurls\01.txt	1359416	gitbook.io
public-suffix-only	C:\Users\PC\Downloads\top100110millionurls\01.txt	1359478	github.io
public-suffix-only	C:\Users\PC\Downloads\top100110millionurls\01.txt	1359507	githubpreview.dev
public-suffix-only	C:\Users\PC\Downloads\top100110millionurls\01.txt	1359515	githubusercontent.com
public-suffix-only	C:\Users\PC\Downloads\top100110millionurls\01.txt	1359542	gitlab.io
public-suffix-only	C:\Users\PC\Downloads\top100110millionurls\01.txt	1359568	gitpage.si
public-suffix-only	C:\Users\PC\Downloads\top100110millionurls\01.txt	1360020	gkp.pk
public-suffix-only	C:\Users\PC\Downloads\top100110millionurls\01.txt	1360645	gleeze.com
public-suffix-only	C:\Users\PC\Downloads\top100110millionurls\01.txt	1360893	gliwice.pl
public-suffix-only	C:\Users\PC\Downloads\top100110millionurls\01.txt	1362115	glogow.pl
public-suffix-only	C:\Users\PC\Downloads\top100110millionurls\01.txt	1362925	gmina.pl
public-suffix-only	C:\Users\PC\Downloads\top100110millionurls\01.txt	1363472	gniezno.pl
public-suffix-only	C:\Users\PC\Downloads\top100110millionurls\01.txt	1363948	go.cr
public-suffix-only	C:\Users\PC\Downloads\top100110millionurls\01.txt	1363953	go.id
public-suffix-only	C:\Users\PC\Downloads\top100110millionurls\01.txt	1363954	go.it
public-suffix-only	C:\Users\PC\Downloads\top100110millionurls\01.txt	1363955	go.jp
public-suffix-only	C:\Users\PC\Downloads\top100110millionurls\01.txt	1363956	go.ke
public-suffix-only	C:\Users\PC\Downloads\top100110millionurls\01.txt	1363957	go.kr
public-suffix-only	C:\Users\PC\Downloads\top100110millionurls\01.txt	1363967	go.th
public-suffix-only	C:\Users\PC\Downloads\top100110millionurls\01.txt	1363968	go.tz
public-suffix-only	C:\Users\PC\Downloads\top100110millionurls\01.txt	1363969	go.ug
public-suffix-only	C:\Users\PC\Downloads\top100110millionurls\01.txt	1365675	goiania.br
public-suffix-only	C:\Users\PC\Downloads\top100110millionurls\01.txt	1365759	goip.de
public-suffix-only	C:\Users\PC\Downloads\top100110millionurls\01.txt	1365809	gok.pk
public-suffix-only	C:\Users\PC\Downloads\top100110millionurls\01.txt	1367274	golffan.us
public-suffix-only	C:\Users\PC\Downloads\top100110millionurls\01.txt	1368954	googleapis.com
public-suffix-only	C:\Users\PC\Downloads\top100110millionurls\01.txt	1368994	googlecode.com
public-suffix-only	C:\Users\PC\Downloads\top100110millionurls\01.txt	1369319	gop.pk
public-suffix-only	C:\Users\PC\Downloads\top100110millionurls\01.txt	1369736	gorizia.it
public-suffix-only	C:\Users\PC\Downloads\top100110millionurls\01.txt	1369751	gorlice.pl
public-suffix-only	C:\Users\PC\Downloads\top100110millionurls\01.txt	1369858	gos.pk
public-suffix-only	C:\Users\PC\Downloads\top100110millionurls\01.txt	1370262	gotdns.ch
public-suffix-only	C:\Users\PC\Downloads\top100110millionurls\01.txt	1370263	gotdns.com
public-suffix-only	C:\Users\PC\Downloads\top100110millionurls\01.txt	1370264	gotdns.org
public-suffix-only	C:\Users\PC\Downloads\top100110millionurls\01.txt	1370654	goupile.fr
public-suffix-only	C:\Users\PC\Downloads\top100110millionurls\01.txt	1370705	gouv.ci
public-suffix-only	C:\Users\PC\Downloads\top100110millionurls\01.txt	1370707	gouv.fr
public-suffix-only	C:\Users\PC\Downloads\top100110millionurls\01.txt	1370709	gouv.ht
public-suffix-only	C:\Users\PC\Downloads\top100110millionurls\01.txt	1370711	gouv.ml
public-suffix-only	C:\Users\PC\Downloads\top100110millionurls\01.txt	1370714	gouv.sn
public-suffix-only	C:\Users\PC\Downloads\top100110millionurls\01.txt	1370968	govt.nz
public-suffix-only	C:\Users\PC\Downloads\top100110millionurls\01.txt	1371817	gr.com
public-suffix-only	C:\Users\PC\Downloads\top100110millionurls\01.txt	1371818	gr.it
public-suffix-only	C:\Users\PC\Downloads\top100110millionurls\01.txt	1371819	gr.jp
public-suffix-only	C:\Users\PC\Downloads\top100110millionurls\01.txt	1372108	grafana-dev.net
public-suffix-only	C:\Users\PC\Downloads\top100110millionurls\01.txt	1372243	grajewo.pl
public-suffix-only	C:\Users\PC\Downloads\top100110millionurls\01.txt	1373654	greater.jp
public-suffix-only	C:\Users\PC\Downloads\top100110millionurls\01.txt	1374900	greta.fr
public-suffix-only	C:\Users\PC\Downloads\top100110millionurls\01.txt	1375693	grosseto.it
public-suffix-only	C:\Users\PC\Downloads\top100110millionurls\01.txt	1376366	grozny.ru
public-suffix-only	C:\Users\PC\Downloads\top100110millionurls\01.txt	1376367	grozny.su
public-suffix-only	C:\Users\PC\Downloads\top100110millionurls\01.txt	1376437	gru.br
public-suffix-only	C:\Users\PC\Downloads\top100110millionurls\01.txt	1377192	gs.cn
public-suffix-only	C:\Users\PC\Downloads\top100110millionurls\01.txt	1377434	gsj.bz
public-suffix-only	C:\Users\PC\Downloads\top100110millionurls\01.txt	1377493	gsm.pl
public-suffix-only	C:\Users\PC\Downloads\top100110millionurls\01.txt	1378648	gub.uy
public-suffix-only	C:\Users\PC\Downloads\top100110millionurls\01.txt	1379630	gunma.jp
public-suffix-only	C:\Users\PC\Downloads\top100110millionurls\01.txt	1380180	gv.ao
public-suffix-only	C:\Users\PC\Downloads\top100110millionurls\01.txt	1380181	gv.at
public-suffix-only	C:\Users\PC\Downloads\top100110millionurls\01.txt	1380185	gv.vc
public-suffix-only	C:\Users\PC\Downloads\top100110millionurls\01.txt	1380526	gx.cn
public-suffix-only	C:\Users\PC\Downloads\top100110millionurls\01.txt	1380959	gz.cn
public-suffix-only	C:\Users\PC\Downloads\top100110millionurls\01.txt	1381573	ha.cn
public-suffix-only	C:\Users\PC\Downloads\top100110millionurls\01.txt	1381858	hacca.jp
public-suffix-only	C:\Users\PC\Downloads\top100110millionurls\01.txt	1381935	hackclub.app
public-suffix-only	C:\Users\PC\Downloads\top100110millionurls\01.txt	1383004	halfmoon.jp
public-suffix-only	C:\Users\PC\Downloads\top100110millionurls\01.txt	1383336	ham-radio-op.net
public-suffix-only	C:\Users\PC\Downloads\top100110millionurls\01.txt	1383867	handcrafted.jp
public-suffix-only	C:\Users\PC\Downloads\top100110millionurls\01.txt	1384305	hanoi.vn
public-suffix-only	C:\Users\PC\Downloads\top100110millionurls\01.txt	1386333	hasura.app
public-suffix-only	C:\Users\PC\Downloads\top100110millionurls\01.txt	1386394	hateblo.jp
public-suffix-only	C:\Users\PC\Downloads\top100110millionurls\01.txt	1386409	hatenablog.com
public-suffix-only	C:\Users\PC\Downloads\top100110millionurls\01.txt	1386410	hatenablog.jp
public-suffix-only	C:\Users\PC\Downloads\top100110millionurls\01.txt	1386412	hatenadiary.com
public-suffix-only	C:\Users\PC\Downloads\top100110millionurls\01.txt	1386413	hatenadiary.jp
public-suffix-only	C:\Users\PC\Downloads\top100110millionurls\01.txt	1386414	hatenadiary.org
public-suffix-only	C:\Users\PC\Downloads\top100110millionurls\01.txt	1387223	hb.cn
public-suffix-only	C:\Users\PC\Downloads\top100110millionurls\01.txt	1389214	he.cn
public-suffix-only	C:\Users\PC\Downloads\top100110millionurls\01.txt	1389465	health.nz
public-suffix-only	C:\Users\PC\Downloads\top100110millionurls\01.txt	1390512	heavy.jp
public-suffix-only	C:\Users\PC\Downloads\top100110millionurls\01.txt	1391263	helioho.st
public-suffix-only	C:\Users\PC\Downloads\top100110millionurls\01.txt	1391265	heliohost.us
public-suffix-only	C:\Users\PC\Downloads\top100110millionurls\01.txt	1393112	hepforge.org
public-suffix-only	C:\Users\PC\Downloads\top100110millionurls\01.txt	1393159	her.jp
public-suffix-only	C:\Users\PC\Downloads\top100110millionurls\01.txt	1393335	here-for-more.info
public-suffix-only	C:\Users\PC\Downloads\top100110millionurls\01.txt	1393656	herokuapp.com
public-suffix-only	C:\Users\PC\Downloads\top100110millionurls\01.txt	1393994	heteml.net
public-suffix-only	C:\Users\PC\Downloads\top100110millionurls\01.txt	1394555	hf.space
public-suffix-only	C:\Users\PC\Downloads\top100110millionurls\01.txt	1395221	hi.cn
public-suffix-only	C:\Users\PC\Downloads\top100110millionurls\01.txt	1395236	hi.us
public-suffix-only	C:\Users\PC\Downloads\top100110millionurls\01.txt	1395392	hicam.net
public-suffix-only	C:\Users\PC\Downloads\top100110millionurls\01.txt	1396301	hiho.jp
public-suffix-only	C:\Users\PC\Downloads\top100110millionurls\01.txt	1397271	hippy.jp
public-suffix-only	C:\Users\PC\Downloads\top100110millionurls\01.txt	1397461	hiroshima.jp
public-suffix-only	C:\Users\PC\Downloads\top100110millionurls\01.txt	1398512	hk.cn
public-suffix-only	C:\Users\PC\Downloads\top100110millionurls\01.txt	1398513	hk.com
public-suffix-only	C:\Users\PC\Downloads\top100110millionurls\01.txt	1398857	hl.cn
public-suffix-only	C:\Users\PC\Downloads\top100110millionurls\01.txt	1399270	hlx.live
public-suffix-only	C:\Users\PC\Downloads\top100110millionurls\01.txt	1399271	hlx.page
public-suffix-only	C:\Users\PC\Downloads\top100110millionurls\01.txt	1399577	hn.cn
public-suffix-only	C:\Users\PC\Downloads\top100110millionurls\01.txt	1400017	hobby-site.com
public-suffix-only	C:\Users\PC\Downloads\top100110millionurls\01.txt	1400018	hobby-site.org
public-suffix-only	C:\Users\PC\Downloads\top100110millionurls\01.txt	1400609	hokkaido.jp
public-suffix-only	C:\Users\PC\Downloads\top100110millionurls\01.txt	1401199	holy.jp
public-suffix-only	C:\Users\PC\Downloads\top100110millionurls\01.txt	1401380	home-webserver.de
public-suffix-only	C:\Users\PC\Downloads\top100110millionurls\01.txt	1401435	home64.de
public-suffix-only	C:\Users\PC\Downloads\top100110millionurls\01.txt	1401659	homedns.org
public-suffix-only	C:\Users\PC\Downloads\top100110millionurls\01.txt	1401702	homeftp.net
public-suffix-only	C:\Users\PC\Downloads\top100110millionurls\01.txt	1401703	homeftp.org
public-suffix-only	C:\Users\PC\Downloads\top100110millionurls\01.txt	1401779	homeip.net
public-suffix-only	C:\Users\PC\Downloads\top100110millionurls\01.txt	1401821	homelinux.com
public-suffix-only	C:\Users\PC\Downloads\top100110millionurls\01.txt	1401822	homelinux.net
public-suffix-only	C:\Users\PC\Downloads\top100110millionurls\01.txt	1401823	homelinux.org
public-suffix-only	C:\Users\PC\Downloads\top100110millionurls\01.txt	1402059	homesecuritymac.com
public-suffix-only	C:\Users\PC\Downloads\top100110millionurls\01.txt	1402060	homesecuritypc.com
public-suffix-only	C:\Users\PC\Downloads\top100110millionurls\01.txt	1402102	homesklep.pl
public-suffix-only	C:\Users\PC\Downloads\top100110millionurls\01.txt	1402243	homeunix.com
public-suffix-only	C:\Users\PC\Downloads\top100110millionurls\01.txt	1402244	homeunix.net
public-suffix-only	C:\Users\PC\Downloads\top100110millionurls\01.txt	1402245	homeunix.org
public-suffix-only	C:\Users\PC\Downloads\top100110millionurls\01.txt	1403296	hoplix.shop
public-suffix-only	C:\Users\PC\Downloads\top100110millionurls\01.txt	1403350	hopto.me
public-suffix-only	C:\Users\PC\Downloads\top100110millionurls\01.txt	1403351	hopto.org
public-suffix-only	C:\Users\PC\Downloads\top100110millionurls\01.txt	1404484	hosting-cluster.nl
public-suffix-only	C:\Users\PC\Downloads\top100110millionurls\01.txt	1405719	hotelwithflight.com
public-suffix-only	C:\Users\PC\Downloads\top100110millionurls\01.txt	1407615	hra.health
public-suffix-only	C:\Users\PC\Downloads\top100110millionurls\01.txt	1408042	hs.kr
public-suffix-only	C:\Users\PC\Downloads\top100110millionurls\01.txt	1408465	hstgr.cloud
public-suffix-only	C:\Users\PC\Downloads\top100110millionurls\01.txt	1408875	httpbin.org
public-suffix-only	C:\Users\PC\Downloads\top100110millionurls\01.txt	1409007	hu.net
public-suffix-only	C:\Users\PC\Downloads\top100110millionurls\01.txt	1410188	huissier-justice.fr
public-suffix-only	C:\Users\PC\Downloads\top100110millionurls\01.txt	1410841	hungry.jp
public-suffix-only	C:\Users\PC\Downloads\top100110millionurls\01.txt	1412450	hyogo.jp
public-suffix-only	C:\Users\PC\Downloads\top100110millionurls\01.txt	1412690	hypernode.io
public-suffix-only	C:\Users\PC\Downloads\top100110millionurls\01.txt	1413086	hzc.io
public-suffix-only	C:\Users\PC\Downloads\top100110millionurls\01.txt	1413587	i.ng
public-suffix-only	C:\Users\PC\Downloads\top100110millionurls\01.txt	1413668	i234.me
public-suffix-only	C:\Users\PC\Downloads\top100110millionurls\01.txt	1413934	ia.us
public-suffix-only	C:\Users\PC\Downloads\top100110millionurls\01.txt	1414155	iamallama.com
public-suffix-only	C:\Users\PC\Downloads\top100110millionurls\01.txt	1414585	ibaraki.jp
public-suffix-only	C:\Users\PC\Downloads\top100110millionurls\01.txt	1415271	ibxos.it
public-suffix-only	C:\Users\PC\Downloads\top100110millionurls\01.txt	1416632	icp0.io
public-suffix-only	C:\Users\PC\Downloads\top100110millionurls\01.txt	1416957	id.au
public-suffix-only	C:\Users\PC\Downloads\top100110millionurls\01.txt	1416966	id.ir
public-suffix-only	C:\Users\PC\Downloads\top100110millionurls\01.txt	1416968	id.lv
public-suffix-only	C:\Users\PC\Downloads\top100110millionurls\01.txt	1416978	id.us
public-suffix-only	C:\Users\PC\Downloads\top100110millionurls\01.txt	1416980	id.vn
public-suffix-only	C:\Users\PC\Downloads\top100110millionurls\01.txt	1417741	idf.il
public-suffix-only	C:\Users\PC\Downloads\top100110millionurls\01.txt	1418439	idv.hk
public-suffix-only	C:\Users\PC\Downloads\top100110millionurls\01.txt	1418440	idv.tw
public-suffix-only	C:\Users\PC\Downloads\top100110millionurls\01.txt	1418888	if.ua
public-suffix-only	C:\Users\PC\Downloads\top100110millionurls\01.txt	1421283	iki.fi
public-suffix-only	C:\Users\PC\Downloads\top100110millionurls\01.txt	1421513	il.us
public-suffix-only	C:\Users\PC\Downloads\top100110millionurls\01.txt	1421577	ilawa.pl
public-suffix-only	C:\Users\PC\Downloads\top100110millionurls\01.txt	1421778	iliadboxos.it
public-suffix-only	C:\Users\PC\Downloads\top100110millionurls\01.txt	1422171	ilovecollege.info
public-suffix-only	C:\Users\PC\Downloads\top100110millionurls\01.txt	1422474	im.it
public-suffix-only	C:\Users\PC\Downloads\top100110millionurls\01.txt	1423119	imb.br
public-suffix-only	C:\Users\PC\Downloads\top100110millionurls\01.txt	1424747	imperia.it
public-suffix-only	C:\Users\PC\Downloads\top100110millionurls\01.txt	1425372	in-addr.arpa
public-suffix-only	C:\Users\PC\Downloads\top100110millionurls\01.txt	1425380	in-berlin.de
public-suffix-only	C:\Users\PC\Downloads\top100110millionurls\01.txt	1425461	in.net
public-suffix-only	C:\Users\PC\Downloads\top100110millionurls\01.txt	1425464	in.rs
public-suffix-only	C:\Users\PC\Downloads\top100110millionurls\01.txt	1425466	in.th
public-suffix-only	C:\Users\PC\Downloads\top100110millionurls\01.txt	1425467	in.ua
public-suffix-only	C:\Users\PC\Downloads\top100110millionurls\01.txt	1425468	in.us
public-suffix-only	C:\Users\PC\Downloads\top100110millionurls\01.txt	1426287	ind.br
public-suffix-only	C:\Users\PC\Downloads\top100110millionurls\01.txt	1426288	ind.in
public-suffix-only	C:\Users\PC\Downloads\top100110millionurls\01.txt	1427971	inf.br
public-suffix-only	C:\Users\PC\Downloads\top100110millionurls\01.txt	1427977	inf.ua
public-suffix-only	C:\Users\PC\Downloads\top100110millionurls\01.txt	1428614	info.az
public-suffix-only	C:\Users\PC\Downloads\top100110millionurls\01.txt	1428615	info.bd
public-suffix-only	C:\Users\PC\Downloads\top100110millionurls\01.txt	1428616	info.bo
public-suffix-only	C:\Users\PC\Downloads\top100110millionurls\01.txt	1428623	info.ec
public-suffix-only	C:\Users\PC\Downloads\top100110millionurls\01.txt	1428627	info.hu
public-suffix-only	C:\Users\PC\Downloads\top100110millionurls\01.txt	1428628	info.ke
public-suffix-only	C:\Users\PC\Downloads\top100110millionurls\01.txt	1428631	info.np
public-suffix-only	C:\Users\PC\Downloads\top100110millionurls\01.txt	1428632	info.pl
public-suffix-only	C:\Users\PC\Downloads\top100110millionurls\01.txt	1428633	info.ro
public-suffix-only	C:\Users\PC\Downloads\top100110millionurls\01.txt	1428637	info.tn
public-suffix-only	C:\Users\PC\Downloads\top100110millionurls\01.txt	1428638	info.tr
public-suffix-only	C:\Users\PC\Downloads\top100110millionurls\01.txt	1428639	info.ve
public-suffix-only	C:\Users\PC\Downloads\top100110millionurls\01.txt	1428640	info.vn
public-suffix-only	C:\Users\PC\Downloads\top100110millionurls\01.txt	1430224	ingatlan.hu
public-suffix-only	C:\Users\PC\Downloads\top100110millionurls\01.txt	1433611	int.in
public-suffix-only	C:\Users\PC\Downloads\top100110millionurls\01.txt	1433612	int.la
public-suffix-only	C:\Users\PC\Downloads\top100110millionurls\01.txt	1437647	io.in
public-suffix-only	C:\Users\PC\Downloads\top100110millionurls\01.txt	1437660	io.vn
public-suffix-only	C:\Users\PC\Downloads\top100110millionurls\01.txt	1437685	iobb.net
public-suffix-only	C:\Users\PC\Downloads\top100110millionurls\01.txt	1438000	iopsys.se
public-suffix-only	C:\Users\PC\Downloads\top100110millionurls\01.txt	1439137	ip6.arpa
public-suffix-only	C:\Users\PC\Downloads\top100110millionurls\01.txt	1440683	ipv64.de
public-suffix-only	C:\Users\PC\Downloads\top100110millionurls\01.txt	1440684	ipv64.net
public-suffix-only	C:\Users\PC\Downloads\top100110millionurls\01.txt	1442507	is-a-blogger.com
public-suffix-only	C:\Users\PC\Downloads\top100110millionurls\01.txt	1442508	is-a-bruinsfan.org
public-suffix-only	C:\Users\PC\Downloads\top100110millionurls\01.txt	1442509	is-a-chef.com
public-suffix-only	C:\Users\PC\Downloads\top100110millionurls\01.txt	1442510	is-a-chef.net
public-suffix-only	C:\Users\PC\Downloads\top100110millionurls\01.txt	1442511	is-a-chef.org
public-suffix-only	C:\Users\PC\Downloads\top100110millionurls\01.txt	1442512	is-a-cpa.com
public-suffix-only	C:\Users\PC\Downloads\top100110millionurls\01.txt	1442513	is-a-doctor.com
public-suffix-only	C:\Users\PC\Downloads\top100110millionurls\01.txt	1442514	is-a-financialadvisor.com
public-suffix-only	C:\Users\PC\Downloads\top100110millionurls\01.txt	1442515	is-a-geek.com
public-suffix-only	C:\Users\PC\Downloads\top100110millionurls\01.txt	1442516	is-a-geek.net
public-suffix-only	C:\Users\PC\Downloads\top100110millionurls\01.txt	1442517	is-a-geek.org
public-suffix-only	C:\Users\PC\Downloads\top100110millionurls\01.txt	1442518	is-a-guru.com
public-suffix-only	C:\Users\PC\Downloads\top100110millionurls\01.txt	1442519	is-a-hard-worker.com
public-suffix-only	C:\Users\PC\Downloads\top100110millionurls\01.txt	1442520	is-a-landscaper.com
public-suffix-only	C:\Users\PC\Downloads\top100110millionurls\01.txt	1442521	is-a-liberal.com
public-suffix-only	C:\Users\PC\Downloads\top100110millionurls\01.txt	1442522	is-a-player.com
public-suffix-only	C:\Users\PC\Downloads\top100110millionurls\01.txt	1442523	is-a-rockstar.com
public-suffix-only	C:\Users\PC\Downloads\top100110millionurls\01.txt	1442524	is-a-socialist.com
public-suffix-only	C:\Users\PC\Downloads\top100110millionurls\01.txt	1442525	is-a-teacher.com
public-suffix-only	C:\Users\PC\Downloads\top100110millionurls\01.txt	1442526	is-a-techie.com
public-suffix-only	C:\Users\PC\Downloads\top100110millionurls\01.txt	1442527	is-a-therapist.com
public-suffix-only	C:\Users\PC\Downloads\top100110millionurls\01.txt	1442529	is-a.dev
public-suffix-only	C:\Users\PC\Downloads\top100110millionurls\01.txt	1442531	is-an-actress.com
public-suffix-only	C:\Users\PC\Downloads\top100110millionurls\01.txt	1442532	is-an-artist.com
public-suffix-only	C:\Users\PC\Downloads\top100110millionurls\01.txt	1442533	is-an-engineer.com
public-suffix-only	C:\Users\PC\Downloads\top100110millionurls\01.txt	1442537	is-by.us
public-suffix-only	C:\Users\PC\Downloads\top100110millionurls\01.txt	1442539	is-certified.com
public-suffix-only	C:\Users\PC\Downloads\top100110millionurls\01.txt	1442540	is-cool.dev
public-suffix-only	C:\Users\PC\Downloads\top100110millionurls\01.txt	1442545	is-found.org
public-suffix-only	C:\Users\PC\Downloads\top100110millionurls\01.txt	1442548	is-gone.com
public-suffix-only	C:\Users\PC\Downloads\top100110millionurls\01.txt	1442554	is-into-anime.com
public-suffix-only	C:\Users\PC\Downloads\top100110millionurls\01.txt	1442555	is-into-cars.com
public-suffix-only	C:\Users\PC\Downloads\top100110millionurls\01.txt	1442556	is-leet.com
public-suffix-only	C:\Users\PC\Downloads\top100110millionurls\01.txt	1442557	is-lost.org
public-suffix-only	C:\Users\PC\Downloads\top100110millionurls\01.txt	1442562	is-not-certified.com
public-suffix-only	C:\Users\PC\Downloads\top100110millionurls\01.txt	1442567	is-saved.org
public-suffix-only	C:\Users\PC\Downloads\top100110millionurls\01.txt	1442568	is-slick.com
public-suffix-only	C:\Users\PC\Downloads\top100110millionurls\01.txt	1442573	is-very-bad.org
public-suffix-only	C:\Users\PC\Downloads\top100110millionurls\01.txt	1442574	is-very-evil.org
public-suffix-only	C:\Users\PC\Downloads\top100110millionurls\01.txt	1442575	is-very-good.org
public-suffix-only	C:\Users\PC\Downloads\top100110millionurls\01.txt	1442576	is-very-nice.org
public-suffix-only	C:\Users\PC\Downloads\top100110millionurls\01.txt	1442577	is-very-sweet.org
public-suffix-only	C:\Users\PC\Downloads\top100110millionurls\01.txt	1442584	is.it
public-suffix-only	C:\Users\PC\Downloads\top100110millionurls\01.txt	1442608	isa-geek.com
public-suffix-only	C:\Users\PC\Downloads\top100110millionurls\01.txt	1442609	isa-geek.net
public-suffix-only	C:\Users\PC\Downloads\top100110millionurls\01.txt	1442610	isa-hockeynut.com
public-suffix-only	C:\Users\PC\Downloads\top100110millionurls\01.txt	1443122	ishikawa.jp
public-suffix-only	C:\Users\PC\Downloads\top100110millionurls\01.txt	1444068	issmarterthanyou.com
public-suffix-only	C:\Users\PC\Downloads\top100110millionurls\01.txt	1444239	isteingeek.de
public-suffix-only	C:\Users\PC\Downloads\top100110millionurls\01.txt	1444275	istmein.de
public-suffix-only	C:\Users\PC\Downloads\top100110millionurls\01.txt	1444639	it.ao
public-suffix-only	C:\Users\PC\Downloads\top100110millionurls\01.txt	1444640	it.com
public-suffix-only	C:\Users\PC\Downloads\top100110millionurls\01.txt	1445115	itcouldbewor.se
public-suffix-only	C:\Users\PC\Downloads\top100110millionurls\01.txt	1445593	itigo.jp
public-suffix-only	C:\Users\PC\Downloads\top100110millionurls\01.txt	1446936	ivano-frankivsk.ua
public-suffix-only	C:\Users\PC\Downloads\top100110millionurls\01.txt	1446941	ivanovo.su
public-suffix-only	C:\Users\PC\Downloads\top100110millionurls\01.txt	1447410	iwate.jp
public-suffix-only	C:\Users\PC\Downloads\top100110millionurls\01.txt	1447498	iwi.nz
public-suffix-only	C:\Users\PC\Downloads\top100110millionurls\01.txt	1447943	iz.hr
public-suffix-only	C:\Users\PC\Downloads\top100110millionurls\01.txt	1449370	jab.br
public-suffix-only	C:\Users\PC\Downloads\top100110millionurls\01.txt	1450364	jambyl.su
public-suffix-only	C:\Users\PC\Downloads\top100110millionurls\01.txt	1450537	jampa.br
public-suffix-only	C:\Users\PC\Downloads\top100110millionurls\01.txt	1451902	jaworzno.pl
public-suffix-only	C:\Users\PC\Downloads\top100110millionurls\01.txt	1452492	jcloud.kz
public-suffix-only	C:\Users\PC\Downloads\top100110millionurls\01.txt	1453149	jeez.jp
public-suffix-only	C:\Users\PC\Downloads\top100110millionurls\01.txt	1453290	jelastic.team
public-suffix-only	C:\Users\PC\Downloads\top100110millionurls\01.txt	1453295	jele.io
public-suffix-only	C:\Users\PC\Downloads\top100110millionurls\01.txt	1453296	jelenia-gora.pl
public-suffix-only	C:\Users\PC\Downloads\top100110millionurls\01.txt	1455961	jgora.pl
